Language,English,FranÃ§ais,italiano,deutsch,espaÃ±ol,æ—¥æœ¬,PortuguÃªs,Ø¹Ø±Ø¨Ù‰,í•œêµ­ì–´,Ñ€ÑƒÑÑĞºĞ¸Ğ¹,ä¸­å›½äºº,ä¸­åœ‹äºº,Polskie
LanguageCode,en,fr,it,de,es,ja,pt,ar,ko,ru,zh-CN,zh-TW,pl
test,Press the 1ï¸ button,Appuyez sur le bouton 1ï¸,Premere il pulsante 1ï¸,DrÃ¼cken Sie die 1ï¸ -Taste,Presione el botÃ³n 1min,1ï¸ãƒœã‚¿ãƒ³ã‚’æŠ¼ã—ã¾ã™,Pressione o botÃ£o 1ï¸,Ø§Ø¶ØºØ· Ø¹Ù„Ù‰ Ø²Ø± 1,1ï¸ ë²„íŠ¼ì„ ëˆ„ë¦…ë‹ˆë‹¤,ĞĞ°Ğ¶Ğ¼Ğ¸Ñ‚Ğµ ĞºĞ½Ğ¾Ğ¿ĞºÑƒ 1ï¸,æŒ‰1ï¸æŒ‰é’®,æŒ‰1ï¸æŒ‰éˆ•,NaciÅ›nij przycisk 1ï¸
Your Turn,Your Turn,Ã€ ton tour,Il tuo turno,Du bist dran,Tu turno,ã‚ãªãŸã®ç•ª,Sua vez,Ø¯ÙˆØ±Ùƒ,ë„¤ ì°¨ë¡€ ì•¼,Ğ¢Ğ²Ğ¾Ñ Ğ¾Ñ‡ĞµÑ€ĞµĞ´ÑŒ,åˆ°ä½ äº†,åˆ°ä½ äº†,Twoja kolej
Maximum shield,Maximum shield,Bouclier maximal,SHIELD massimo,Maximaler Schild,Escudo mÃ¡ximo,æœ€å¤§ã‚·ãƒ¼ãƒ«ãƒ‰,Escudo mÃ¡ximo,Ø£Ù‚ØµÙ‰ Ø¯Ø±Ø¹,ìµœëŒ€ ë°©íŒ¨,ĞœĞ°ĞºÑĞ¸Ğ¼Ğ°Ğ»ÑŒĞ½Ñ‹Ğ¹ Ñ‰Ğ¸Ñ‚,æœ€å¤§ç›¾ç‰Œ,æœ€å¤§ç›¾ç‰Œ,Maksymalna tarcza
slash,slash,sabrer,barra,SchrÃ¤gstrich,barra oblicua,ã‚¹ãƒ©ãƒƒã‚·ãƒ¥,golpear,Ø®ÙØ¶,ì‚­ê°,ÑĞ½ĞµÑĞµĞ½Ğ¸Ğµ,å‰Šå‡,å‰Šæ¸›,ciÄ…Ä‡
rend,rend,dÃ©chirer,Rend,zerreiÃŸen,desgarrar,ãƒ¬ãƒ³ãƒ‰,rend,Ø§Ù„Ø§Ø¯Ø§Ø¡,ì°¢ë‹¤,Ñ€ĞµĞ½Ğ´,æ¸²æŸ“,æ¸²æŸ“,rozdzieraÄ‡
bleed,bleed,saigner,sanguinare,bluten,sangrar,å‡ºè¡€,sangrar,ÙŠÙ†Ø²Ù,ì¶œí˜ˆ,Ğ¸ÑÑ‚ĞµĞºĞ°Ñ‚ÑŒ ĞºÑ€Ğ¾Ğ²ÑŒÑ,æµè¡€,æµè¡€,krwawiÄ‡
suffocate,suffocate,Ã©touffer,soffocare,ersticken,sofocar,çª’æ¯ã—ã¾ã™,sufocar,Ø®Ù†Ù‚,ì§ˆì‹,Ğ·Ğ°Ğ´ÑƒÑˆĞ¸Ñ‚ÑŒ,çª’æ¯,çª’æ¯,dusiÄ‡
heal,heal,guÃ©rir,guarire,heilen,sanar,ç™’ã—,curar,Ø´ÙØ§Ø¡ - ÙŠØ´ÙÙ‰,ì¹˜ìœ í•˜ë‹¤,Ğ»ĞµÑ‡Ğ¸Ñ‚ÑŒ,æ„ˆåˆ,ç™’åˆ,leczyÄ‡
target circle,target circle,cercle cible,Cerchio target,Zielkreis,cÃ­rculo objetivo,ã‚¿ãƒ¼ã‚²ãƒƒãƒˆã‚µãƒ¼ã‚¯ãƒ«,CÃ­rculo de destino,Ø¯Ø§Ø¦Ø±Ø© Ø§Ù„Ù‡Ø¯Ù,ëŒ€ìƒ ì›,Ğ¦ĞµĞ»ĞµĞ²Ğ¾Ğ¹ ĞºÑ€ÑƒĞ³,ç›®æ ‡åœ†,ç›®æ¨™åœ“,KoÅ‚o docelowe
connect,connect,relier,Collegare,verbinden,conectar,æ¥ç¶š,conectar,Ø§Ù„Ø§ØªØµØ§Ù„,ì—°ê²°í•˜ë‹¤,ÑĞ¾ĞµĞ´Ğ¸Ğ½ÑÑ‚ÑŒ,è¿æ¥,é€£æ¥,Å‚Ä…czyÄ‡
contaminate,contaminate,contaminer,contaminare,verunreinigen,contaminar,æ±šæŸ“,contaminar,ØªÙ„ÙˆØ«,ì˜¤ì—¼,Ğ·Ğ°Ğ³Ñ€ÑĞ·Ğ½ÑÑ‚ÑŒ,æ±¡æŸ“,æ±¡æŸ“,zanieczyÅ›ciÄ‡
freeze,freeze,gel,congelare,einfrieren,congelar,æ°·çµ,congelar,ØªØ¬Ù…ÙŠØ¯,ì–¼ë‹¤,Ğ·Ğ°Ğ¼Ğ¾Ñ€Ğ¾Ğ·Ğ¸Ñ‚ÑŒ,å†»ç»“,å‡çµ,zamraÅ¼aÄ‡
resurrect,resurrect,ressusciter,resuscita,Wiederbelebung,resucitar,å¾©æ´»,ressuscitar,Ø¥Ø­ÙŠØ§Ø¡,ë¶€í™œ,Ğ²Ğ¾ÑĞºÑ€ĞµÑĞ¸Ñ‚ÑŒ,å¤æ´»,å¾©æ´»,wskrzesiÄ‡
shield,shield,bouclier,scudo,Schild,escudo,ã‚·ãƒ¼ãƒ«ãƒ‰,escudo,Ø¯Ø±Ø¹,ë°©íŒ¨,Ñ‰Ğ¸Ñ‚,ç›¾,ç›¾,tarcza
poison,poison,poison,veleno,Gift,veneno,æ¯’,tÃ³xico,Ø³Ù…,ë…,ÑĞ´,æ¯’,æ¯’,zatruÄ‡
purify,purify,purifier,purificare,reinigen,purificar,æ¸…ã‚ã‚‹,purificar,ØªÙ†Ù‚ÙŠØ©,ì •í™”í•˜ì‹­ì‹œì˜¤,Ğ¾Ñ‡Ğ¸ÑÑ‚Ğ¸Ñ‚ÑŒ,å‡€åŒ–,æ·¨åŒ–,oczyÅ›ciÄ‡
swap,swap,Ã©changer,scambio,Tauschen,intercambio,ã‚¹ãƒ¯ãƒƒãƒ—,troca,ØªØ¨Ø¯ÙŠÙ„,êµí™˜,Ğ¼ĞµĞ½ÑÑ‚ÑŒ,äº¤æ¢,äº¤æ›,zamieniaÄ‡
displace,displace,dÃ©placer,spostare,verdrÃ¤ngen,desplazar,ç½®ãæ›ãˆã¾ã™,deslocar,Ø¥Ø²Ø§Ø­Ø©,ë°”ê¾¸ì–´ ë†“ë‹¤,Ğ²Ñ‹Ñ‚ĞµÑĞ½ÑÑ‚ÑŒ,å–ä»£,å–ä»£,wypieraÄ‡
debilitate,debilitate,dÃ©biliter,debilitare,entkrÃ¤ften,debilitar,è¡°å¼±ã—ã¾ã™,debilitar,Ø§Ù„ÙˆÙ‡Ù†,ì‡ ì•½,Ğ¾ÑĞ»Ğ°Ğ±Ğ»ÑÑ‚ÑŒ,è™šå¼±,è™›å¼±,osÅ‚abiaÄ‡ czyjeÅ› siÅ‚y
protection,protection,protection,protezione,Schutz,proteccion,ä¿è­·,proteÃ§Ã£o,Ø§Ù„Ø­Ù…Ø§ÙŠØ©,ë³´í˜¸,Ğ·Ğ°Ñ‰Ğ¸Ñ‚Ğ°,ä¿æŠ¤,ä¿è­·,ochrona
clone,clone,cloner,clone,Klon,clon,ã‚¯ãƒ­ãƒ¼ãƒ³,clone,Ø§Ø³ØªÙ†Ø³Ø§Ø®,í´ë¡ ,ĞºĞ»Ğ¾Ğ½,å…‹éš†,å…‹éš†,klon
mana burn,mana burn,mana brÃ»ler,Mana Burn,Mana brennen,Mana Burn,ãƒãƒŠãƒ»ãƒãƒ¼ãƒ³,Mana Burn,Ù…Ø§Ù†Ø§ Ø­Ø±Ù‚,ë§ˆë‚˜ í™”ìƒ,Ğ¼Ğ°Ğ½Ğ° ÑĞ¶Ğ¸Ğ³Ğ°ĞµÑ‚,æ³•åŠ›çƒ§ä¼¤,æ³•åŠ›ç‡’å‚·,Mana Burn
mana steal,mana steal,mana voler,mana ruba,Mana Steal,robo de manÃ¡,ãƒãƒŠç›—ã¿,Mana roube,Ù…Ø§Ù†Ø§ Ø³Ø±Ù‚Ø©,ë§ˆë‚˜ ë„ë‘‘ì§ˆ,ĞœĞ°Ğ½Ğ° ÑƒĞºÑ€Ğ°ÑÑ‚ÑŒ,æ³•åŠ›å·,æ³•åŠ›å·,Kradnie many
blood curse,blood curse,maloniÃ¨re,Maledizione del sangue,Blutfluch,maldiciÃ³n de sangre,è¡€ã®å‘ªã„,MaldiÃ§Ã£o do sangue,Ù„Ø¹Ù†Ø© Ø§Ù„Ø¯Ù…,í˜ˆì•¡ ì €ì£¼,ĞšÑ€Ğ¾Ğ²Ğ°Ğ²Ğ¾Ğµ Ğ¿Ñ€Ğ¾ĞºĞ»ÑÑ‚Ğ¸Ğµ,è¡€è¯…å’’,è¡€è©›å’’,KlÄ…twa krwi
push,push,pousser,spingere,drÃ¼cken,empujar,æŠ¼ã™,Empurre,ÙŠØ¯ÙØ¹,í‘¸ì‹œ,Ñ‚Ğ¾Ğ»ĞºĞ°Ñ‚ÑŒ,æ¨,æ¨,naciskaÄ‡
pull,pull,tirer,tiro,ziehen,jalar,å¼•ã,puxar,ÙŠØ­Ø°Ø¨,ë‹¹ê¸°ë‹¤,Ñ‚ÑĞ½ÑƒÑ‚ÑŒ,æ‹‰,æ‹‰,ciÄ…gnÄ…Ä‡
vortex,vortex,vortex,vortice,Wirbel,vÃ³rtice,æ¸¦,vÃ³rtice,Ø¯ÙˆØ§Ù…Ø©,ì™€ë™,Ğ²Ğ¸Ñ…Ñ€ÑŒ,æ¶¡æµ,æ¸¦æµ,wir
dash,dash,se prÃ©cipiter,trattino,Bindestrich,estrellarse,ãƒ€ãƒƒã‚·ãƒ¥,traÃ§o,Ø§Ù†Ø¯ÙØ§Ø¹,ëŒ€ì‹œ,Ğ±Ñ€Ğ¾ÑĞ°Ñ‚ÑŒÑÑ,çŸ­è·‘,çŸ­è·‘,kropla
repel,repel,repousser,respingere,abstoÃŸen,repeler,åç™º,repelir,ØµØ¯,ê²©í‡´,Ğ¾Ñ‚Ñ‚Ğ°Ğ»ĞºĞ¸Ğ²Ğ°Ñ‚ÑŒÑÑ,å‡»é€€,æ“Šé€€,odpychaÄ‡
decoy,decoy,faire dure,esca,KÃ¶der,seÃ±uelo,ãƒ‡ã‚³ã‚¤,chamariz,Ø´Ø±Ùƒ,ìœ ì¸ ëª»,Ğ¿Ñ€Ğ¸Ğ¼Ğ°Ğ½ĞºĞ°,è¯±é¥µ,èª˜é¤Œ,maniak
bloat,bloat,gonfler,gonfiare,aufblÃ¤hen,inflar,è†¨ã‚‰ã‚“ã ,inchar,Ù…Ù†ØªÙØ®,ê³ ì°½ì¦,Ñ€Ğ°Ğ·Ğ´ÑƒĞ²Ğ°Ñ‚ÑŒ,è†¨èƒ€,è†¨è„¹,nadÄ…Ä‡
last will,last will,derniÃ¨re volontÃ©,ultima volontÃ ,letzter Wille,Ãºltimo deseo,æœ€å¾Œã®æ„å¿—,Ãºltima vontade,Ø§Ù„ÙˆØµÙŠØ© Ø§Ù„Ø£Ø®ÙŠØ±Ø©,ë§ˆì§€ë§‰ ì˜ì§€,Ğ¿Ğ¾ÑĞ»ĞµĞ´Ğ½ĞµĞµ Ğ¶ĞµĞ»Ğ°Ğ½Ğ¸Ğµ,é—æ„¿,éºé¡˜,Ostatnia wola
split,split,diviser,diviso,Teilt,separar,ã‚¹ãƒ—ãƒªãƒƒãƒˆ,dividir,ÙŠÙ†Ù‚Ø³Ù…,ë‚˜ë‰˜ë‹¤,Ñ€Ğ°ÑĞºĞ¾Ğ»Ğ¾Ñ‚ÑŒ,åˆ†è£‚,åˆ†è£‚,rozdzielaÄ‡
drown,drown,noyer,annegare,ertrinken,ahogar,æººã‚Œã‚‹,afogar,ÙŠØºØ±Ù‚,ì•ˆ ë“¤ë¦¬ê²Œ í•˜ë‹¤,Ñ‚Ğ¾Ğ½ÑƒÑ‚ÑŒ,æ·¹,æ·¹,utopiÄ‡
target similar,target similar,cible similaire,target simile,Ziel Ã¤hnlich,objetivo similar,ã‚¿ãƒ¼ã‚²ãƒƒãƒˆã‚‚åŒæ§˜ã§ã™,alvo semelhante,Ù‡Ø¯Ù Ù…Ù…Ø§Ø«Ù„,ëŒ€ìƒì´ ë¹„ìŠ·í•©ë‹ˆë‹¤,Ğ¦ĞµĞ»ÑŒ Ğ°Ğ½Ğ°Ğ»Ğ¾Ğ³Ğ¸Ñ‡Ğ½Ğ¾,ç›®æ ‡ç›¸ä¼¼,ç›®æ¨™ç›¸ä¼¼,cel podobny
target cone,target cone,cÃ´ne cible,cono target,Zielkegel,cono objetivo,ã‚¿ãƒ¼ã‚²ãƒƒãƒˆã‚³ãƒ¼ãƒ³,Cone alvo,Ø§Ù„Ù‡Ø¯Ù Ø§Ù„Ù…Ø®Ø±ÙˆØ·,ëŒ€ìƒ ì½˜,Ğ¦ĞµĞ»ĞµĞ²Ğ¾Ğ¹ ĞºĞ¾Ğ½ÑƒÑ,é¶é”¥,é¶éŒ,StoÅ¼ek docelowy
plus radius,plus radius,plus le rayon,PiÃ¹ raggio,Plus Radius,Radio mÃ¡s,ãƒ—ãƒ©ã‚¹åŠå¾„,mais raio,Ø¨Ø§Ù„Ø¥Ø¶Ø§ÙØ© Ø¥Ù„Ù‰ Ø¯Ø§Ø¦Ø±Ø© Ù†ØµÙ Ù‚Ø·Ø±Ù‡Ø§,ë˜í•œ ë°˜ê²½,Ğ¿Ğ»ÑÑ Ñ€Ğ°Ğ´Ğ¸ÑƒÑ,åŠ ä¸ŠåŠå¾„,åŠ ä¸ŠåŠå¾‘,Plus promieÅ„
shove,shove,pousser,spingere,schieben,empujÃ³n,çªãå‡ºã—ã¾ã™,empurrÃ£o,Ø¯ÙØ¹,ì§€ì§€,Ğ·Ğ°ÑÑƒĞ½ÑƒÑ‚ÑŒ,æ¨,æ¨,pchniÄ™cie
target column,target column,colonne cible,colonna target,Zielspalte,columna objetivo,ã‚¿ãƒ¼ã‚²ãƒƒãƒˆåˆ—,coluna de destino,Ø§Ù„Ø¹Ù…ÙˆØ¯ Ø§Ù„Ù‡Ø¯Ù,ëŒ€ìƒ ì—´,Ğ¦ĞµĞ»ĞµĞ²Ğ¾Ğ¹ ÑÑ‚Ğ¾Ğ»Ğ±ĞµÑ†,ç›®æ ‡åˆ—,ç›®æ¨™åˆ—,Kolumna docelowa
burst,burst,Ã©clatement,scoppiare,platzen,rÃ¡faga,ãƒãƒ¼ã‚¹ãƒˆ,explodido,Ø§Ù†ÙØ¬Ø§Ø±,í„°ì§€ë‹¤,Ğ»Ğ¾Ğ¿Ğ°Ñ‚ÑŒÑÑ,çˆ†è£‚,çˆ†è£‚,pÄ™kaÄ‡
out of range!,Out of Range!,Hors de portÃ©e!,Fuori dal limite!,AuÃŸer Reichweite!,Â¡Fuera de rango!,ç¯„å›²å¤–ï¼,Fora de alcance!,Ø®Ø§Ø±Ø¬ Ø§Ù„Ù†Ø·Ø§Ù‚!,ë²”ìœ„ ë°–!,Ğ’Ğ½Ğµ Ğ´Ğ¸Ğ°Ğ¿Ğ°Ğ·Ğ¾Ğ½Ğ°!,è¶…å‡ºèŒƒå›´ï¼,è¶…å‡ºç¯„åœï¼,Poza zakresem!
Invalid Spawn Location,Invalid Spawn Location,Emplacement d'apparition non valide,Posizione di spawn non valida,UngÃ¼ltiger Spawn -Standort,UbicaciÃ³n de desove no vÃ¡lida,ç„¡åŠ¹ãªã‚¹ãƒãƒ¼ãƒ³ä½ç½®,LocalizaÃ§Ã£o invÃ¡lida de desova,Ù…ÙˆÙ‚Ø¹ ØªÙØ±Ø® ØºÙŠØ± ØµØ§Ù„Ø­,ì˜ëª»ëœ ìŠ¤í° ìœ„ì¹˜,ĞĞµĞ²ĞµÑ€Ğ½Ğ¾Ğµ Ğ¼ĞµÑÑ‚Ğ¾Ğ¿Ğ¾Ğ»Ğ¾Ğ¶ĞµĞ½Ğ¸Ğµ Ğ½ĞµÑ€ĞµÑÑ‚Ğ°,æ— æ•ˆçš„äº§åµä½ç½®,ç„¡æ•ˆçš„ç”¢åµä½ç½®,NieprawidÅ‚owa lokalizacja odrodzenia
Insufficient Mana,Insufficient Mana,Mana insuffisant,Mana insufficiente,Unzureichendes Mana,ManÃ¡ insuficiente,ä¸ååˆ†ãªãƒãƒŠ,Mana insuficiente,Ù…Ø§Ù†Ø§ ØºÙŠØ± ÙƒØ§ÙÙŠØ©,ë¶ˆì¶©ë¶„ í•œ ë§ˆë‚˜,ĞĞµĞ´Ğ¾ÑÑ‚Ğ°Ñ‚Ğ¾Ñ‡Ğ½Ğ°Ñ Ğ¼Ğ°Ğ½Ğ°,æ³•åŠ›ä¸è¶³,æ³•åŠ›ä¸è¶³,NiewystarczajÄ…ca mana
Mana Remaining,Mana Remaining,Mana restant,Mana rimanente,Mana verbleiben,Mana restante,ãƒãƒŠãŒæ®‹ã£ã¦ã„ã¾ã™,Mana restante,Ù…Ø§Ù†Ø§ ØªØ¨Ù‚Ù‰,ë‚¨ì€ ë§ˆë‚˜,ĞœĞ°Ğ½Ğ° Ğ¾ÑÑ‚Ğ°ĞµÑ‚ÑÑ,å‰©ä¸‹çš„æ³•åŠ›,å‰©ä¸‹çš„æ³•åŠ›,Mana pozostaÅ‚a
Insufficient Health,Insufficient Health,SantÃ© insuffisante,Salute insufficiente,Unzureichende Gesundheit,Salud insuficiente,å¥åº·ä¸è¶³,SaÃºde insuficiente,Ø§Ù„ØµØ­Ø© ØºÙŠØ± ÙƒØ§ÙÙŠØ©,ê±´ê°•ì´ ë¶ˆì¶©ë¶„í•©ë‹ˆë‹¤,ĞĞµĞ´Ğ¾ÑÑ‚Ğ°Ñ‚Ğ¾Ñ‡Ğ½Ğ¾Ğµ Ğ·Ğ´Ğ¾Ñ€Ğ¾Ğ²ÑŒĞµ,å¥åº·ä¸è¶³,å¥åº·ä¸è¶³,NiewystarczajÄ…ce zdrowie
This spell will kill you,This spell will kill you,Ce sort vous tuera,Questo incantesimo ti ucciderÃ ,Dieser Zauber wird dich tÃ¶ten,Este hechizo te matarÃ¡,ã“ã®å‘ªæ–‡ã¯ã‚ãªãŸã‚’æ®ºã—ã¾ã™,Este feitiÃ§o vai te matar,Ù‡Ø°Ù‡ Ø§Ù„ØªØ¹ÙˆÙŠØ°Ø© Ø³ÙˆÙ ÙŠÙ‚ØªÙ„Ùƒ,ì´ ì£¼ë¬¸ì€ ë‹¹ì‹ ì„ ì£½ì¼ ê²ƒì…ë‹ˆë‹¤,Ğ­Ñ‚Ğ¾ Ğ·Ğ°ĞºĞ»Ğ¸Ğ½Ğ°Ğ½Ğ¸Ğµ ÑƒĞ±ÑŒĞµÑ‚ Ğ²Ğ°Ñ,è¿™ä¸ªå’’è¯­ä¼šæ€æ­»ä½ ,é€™å€‹å’’èªæœƒæ®ºæ­»ä½ ,To zaklÄ™cie ciÄ™ zabije
This spell will damage & curse you,This spell will damage & curse you,Ce sort vous endommagera et vous maudira,Questo incantesimo ti danneggerÃ  e ti maledirÃ ,Dieser Zauber wird Sie beschÃ¤digen und verfluchen,Este hechizo te daÃ±arÃ¡ y maldecirÃ¡,ã“ã®å‘ªæ–‡ã¯ã‚ãªãŸã‚’å‚·ã¤ã‘ã€å‘ªã„ã¾ã™,Este feitiÃ§o vai danificar e amaldiÃ§oar vocÃª,Ù‡Ø°Ù‡ Ø§Ù„ØªØ¹ÙˆÙŠØ°Ø© Ø³ØªØ¶Ø± ÙˆØªÙ„Ø¹Ù‚Ùƒ,ì´ ì£¼ë¬¸ì€ ë‹¹ì‹ ì„ ì†ìƒì‹œí‚¤ê³  ì €ì£¼í•©ë‹ˆë‹¤,Ğ­Ñ‚Ğ¾ Ğ·Ğ°ĞºĞ»Ğ¸Ğ½Ğ°Ğ½Ğ¸Ğµ Ğ¿Ğ¾Ğ²Ñ€ĞµĞ´Ğ¸Ñ‚ Ğ¸ Ğ¿Ñ€Ğ¾ĞºĞ»ÑÑ‚ Ğ²Ğ°Ñ,è¿™ä¸ªå’’è¯­ä¼šæŸå®³å’Œè¯…å’’ä½ ,é€™å€‹å’’èªæœƒæå®³å’Œè©›å’’ä½ ,To zaklÄ™cie ciÄ™ uszkodzi i przeklina
This spell will curse you,This spell will curse you,Ce sort vous maudira,Questo incantesimo ti maledirÃ ,Dieser Zauber wird dich verfluchen,Este hechizo te maldecirÃ¡,ã“ã®å‘ªæ–‡ã¯ã‚ãªãŸã‚’å‘ªã†ã§ã—ã‚‡ã†,Este feitiÃ§o vai amaldiÃ§oar vocÃª,Ù‡Ø°Ù‡ Ø§Ù„ØªØ¹ÙˆÙŠØ°Ø© Ø³ÙˆÙ ØªÙ„Ø¹Ù†Ùƒ,ì´ ì£¼ë¬¸ì€ ë‹¹ì‹ ì„ ì €ì£¼ í•  ê²ƒì…ë‹ˆë‹¤,Ğ­Ñ‚Ğ¾ Ğ·Ğ°ĞºĞ»Ğ¸Ğ½Ğ°Ğ½Ğ¸Ğµ Ğ¿Ñ€Ğ¾ĞºĞ»Ğ¸Ğ½Ğ°ĞµÑ‚ Ğ²Ğ°Ñ,è¿™ä¸ªå’’è¯­ä¼šè¯…å’’ä½ ,é€™å€‹å’’èªæœƒè©›å’’ä½ ,To zaklÄ™cie ciÄ™ przeklÄ…
Damage,Damage,DÃ©gÃ¢ts,Danno,Schaden,DaÃ±o,ãƒ€ãƒ¡ãƒ¼ã‚¸,Dano,ØªÙ„Ù,ì†ìƒ,ĞĞ°Ğ½Ğ¾ÑĞ¸Ñ‚ÑŒ ÑƒÑ‰ĞµÑ€Ğ±,æŸå®³,æå®³,Szkoda
Movement,Movement,Mouvement,Movimento,Bewegung,Movimienot,å‹•ã,Movimento,Ø­Ø±ÙƒØ©,ì›€ì§ì„,Ğ”Ğ²Ğ¸Ğ¶ĞµĞ½Ğ¸Ğµ,ç§»åŠ¨,ç§»å‹•,Ruch
Targeting,Targeting,Ciblage,Targeting,Targeting,OrientaciÃ³n,ã‚¿ãƒ¼ã‚²ãƒ†ã‚£ãƒ³ã‚°,Alvejando,Ø§Ù„Ø§Ø³ØªÙ‡Ø¯Ø§Ù,íƒ€ê²ŸíŒ…,Ğ¢Ğ°Ñ€Ğ³ĞµÑ‚Ğ¸Ğ½Ğ³,å®šä½,å®šä½,Celowanie
Mana,Mana,Mana,Mana,Mana,ManÃ¡,ãƒãƒŠ,Mana,Ù…Ø§Ù†Ø§,ë§ˆë‚˜,ĞœĞ°Ğ½Ğ°,æ³•åŠ›,æ³•åŠ›,Mana
Curses,Curses,MalÃ©dictions,Maledizioni,FlÃ¼che,Maldiciones,å‘ªã„,MaldiÃ§Ãµes,Ù„Ø¹Ù†Ø§Øª,ì €ì£¼,ĞŸÑ€Ğ¾ĞºĞ»ÑÑ‚Ğ¸Ñ,è¯…å’’,è©›å’’,Pomstowanie
Blessings,Blessings,BÃ©nÃ©dictions,Benedizioni,Segen,Bendiciones,ç¥ç¦,BÃªnÃ§Ã£os,Ø¨Ø±ÙƒØ§Øª,ì¶•ë³µ,Ğ‘Ğ»Ğ°Ğ³Ğ¾ÑĞ»Ğ¾Ğ²ĞµĞ½Ğ¸Ñ,ç¥ç¦,ç¥ç¦,BÅ‚ogosÅ‚awieÅ„stwa
Soul,Soul,Ã‚me,Anima,Seele,Alma,é­‚,Alma,Ø±ÙˆØ­,ì˜í˜¼,Ğ”ÑƒÑˆĞ°,çµé­‚,éˆé­‚,Dusza
Multiplayer,Multiplayer,Multijoueur,Multiplayer,Multiplayer,Multijugador,ãƒãƒ«ãƒãƒ—ãƒ¬ã‚¤ãƒ¤ãƒ¼,Multiplayer,Ù…ØªØ¹Ø¯Ø¯Ø© Ø§Ù„Ù„Ø§Ø¹Ø¨ÙŠÙ†,ë©€í‹° í”Œë ˆì´ì–´,ĞœĞ½Ğ¾Ğ³Ğ¾Ğ¿Ğ¾Ğ»ÑŒĞ·Ğ¾Ğ²Ğ°Ñ‚ĞµĞ»ÑŒÑĞºĞ¸Ğ¹,å¤šäººæ¸¸æˆ,å¤šäººéŠæˆ²,Gra wieloosobowa
Settings,Settings,RÃ©glages,Impostazioni,Einstellungen,Ajustes,è¨­å®š,DefiniÃ§Ãµes,Ø¥Ø¹Ø¯Ø§Ø¯Ø§Øª,ì„¤ì •,ĞĞ°ÑÑ‚Ñ€Ğ¾Ğ¹ĞºĞ¸,è®¾ç½®,è¨­ç½®,Ustawienia
New Run,New Run,Nouvelle course,Nuova corsa,Neuer Lauf,Nueva carrera,æ–°ã—ã„å®Ÿè¡Œ,Nova corrida,ØªØ´ØºÙŠÙ„ Ø¬Ø¯ÙŠØ¯,ìƒˆë¡œìš´ ë‹¬ë¦¬ê¸°,ĞĞ¾Ğ²Ñ‹Ğ¹ Ğ¿Ñ€Ğ¾Ğ±ĞµĞ³,æ–°è¿è¡Œ,æ–°é‹è¡Œ,Nowy bieg
Help,Help,Aider,Aiuto,Hilfe,Ayuda,ãƒ˜ãƒ«ãƒ—,Ajuda,Ù…Ø³Ø§Ø¹Ø¯Ø©,ë•ë‹¤,ĞŸĞ¾Ğ¼Ğ¾Ñ‰ÑŒ,å¸®åŠ©,å¹«åŠ©,Pomoc
Credits,Credits,CrÃ©dits,Crediti,Credits,CrÃ©ditos,ã‚¯ãƒ¬ã‚¸ãƒƒãƒˆ,CrÃ©ditos,Ø§Ø¹ØªÙ…Ø§Ø¯Ø§Øª,í¬ë ˆë”§,ĞšÑ€ĞµĞ´Ğ¸Ñ‚Ñ‹,å­¦åˆ†,å­¸åˆ†,Kredyty
Localization,Localization,Localisation,Localizzazione,Lokalisierung,LocalizaciÃ³n,ãƒ­ãƒ¼ã‚«ãƒªã‚¼ãƒ¼ã‚·ãƒ§ãƒ³,LocalizaÃ§Ã£o,Ø§Ù„Ù…ÙˆÙ‚Ø¹,í˜„ì§€í™”,Ğ›Ğ¾ĞºĞ°Ğ»Ğ¸Ğ·Ğ°Ñ†Ğ¸Ñ,æœ¬åœŸåŒ–,æœ¬åœŸåŒ–,Lokalizacja
Audio,Audio,l'audio,Audio,Audio,Audio,ã‚ªãƒ¼ãƒ‡ã‚£ã‚ª,Ãudio,ØµÙˆØªÙŠ,ì˜¤ë””ì˜¤,ĞÑƒĞ´Ğ¸Ğ¾,å£°éŸ³çš„,è²éŸ³çš„,Audio
Video,Video,VidÃ©o,video,Video,Video,ãƒ“ãƒ‡ã‚ª,VÃ­deo,ÙÙŠØ¯ÙŠÙˆ,ë™ì˜ìƒ,Ğ²Ğ¸Ğ´ĞµĞ¾,è§†é¢‘,è¦–é »,Wideo
Player Configuration,Player Configuration,Configuration du joueur,Configurazione del giocatore,Spielerkonfiguration,ConfiguraciÃ³n del jugador,ãƒ—ãƒ¬ãƒ¼ãƒ¤ãƒ¼ã®æ§‹æˆ,ConfiguraÃ§Ã£o do jogador,ØªÙƒÙˆÙŠÙ† Ø§Ù„Ù…Ø´ØºÙ„,í”Œë ˆì´ì–´ êµ¬ì„±,ĞšĞ¾Ğ½Ñ„Ğ¸Ğ³ÑƒÑ€Ğ°Ñ†Ğ¸Ñ Ğ¸Ğ³Ñ€Ğ¾ĞºĞ°,ç©å®¶é…ç½®,ç©å®¶é…ç½®,Konfiguracja odtwarzacza
Controls,Controls,Les contrÃ´les,Controlli,Kontrollen,Control S,ã‚³ãƒ³ãƒˆãƒ­ãƒ¼ãƒ«,Controles,Ø¶ÙˆØ§Ø¨Ø·,í†µì œ ìˆ˜ë‹¨,Ğ£Ğ¿Ñ€Ğ°Ğ²Ğ»ĞµĞ½Ğ¸Ğµ,æ§ä»¶,æ§ä»¶,Sterownica
Extras,Extras,SupplÃ©ments,Extra,Extras,Extras,ã‚¨ã‚­ã‚¹ãƒˆãƒ©,Extras,Ø¥Ø¶Ø§ÙØ§Øª,ì—‘ìŠ¤íŠ¸ë¼,Ğ”Ğ¾Ğ¿Ğ¾Ğ»Ğ½ĞµĞ½Ğ¸Ñ,é¢å¤–,é¡å¤–,Dodatki
Total Volume,Total Volume,Volume total,Volume totale,Volle LautstÃ¤rke,Volumen total,å…¨å®¹ç©,Volume total,Ø§Ù„Ø­Ø¬Ù… Ø§Ù„ÙƒÙ„ÙŠ,ì´ ë³¼ë¥¨,ĞĞ±Ñ‰Ğ¸Ğ¹ Ğ¾Ğ±ÑŠĞµĞ¼,æ€»å®¹ç§¯,ç¸½å®¹ç©,Maksymalna gÅ‚oÅ›noÅ›Ä‡
Music Volume,Music Volume,Volume de la musique,Volume della musica,MusiklautstÃ¤rke,Volumen de la mÃºsica,éŸ³æ¥½ã®ãƒœãƒªãƒ¥ãƒ¼ãƒ ,Volume da mÃºsica,Ø·Ø¨Ù‚Ø© ØµÙˆØª Ø§Ù„Ù…ÙˆØ³ÙŠÙ‚Ø§,ìŒì•… ë³¼ë¥¨,ĞœÑƒĞ·Ñ‹ĞºĞ°Ğ»ÑŒĞ½Ñ‹Ğ¹ Ñ‚Ğ¾Ğ¼,éŸ³ä¹å·,éŸ³æ¨‚å·,GÅ‚oÅ›noÅ›Ä‡ muzyki
Sound Effects Volume,Sound Effects Volume,Volume d'effets sonores,Volume degli effetti sonori,Soundeffektvolumen,Volumen de efectos de sonido,ã‚µã‚¦ãƒ³ãƒ‰ã‚¨ãƒ•ã‚§ã‚¯ãƒˆãƒœãƒªãƒ¥ãƒ¼ãƒ ,Volume de efeitos sonoros,Ø­Ø¬Ù… Ø§Ù„Ù…Ø¤Ø«Ø±Ø§Øª Ø§Ù„ØµÙˆØªÙŠØ©,ìŒí–¥ íš¨ê³¼ ë³¼ë¥¨,Ğ—Ğ²ÑƒĞºĞ¾Ğ²Ñ‹Ğµ ÑÑ„Ñ„ĞµĞºÑ‚Ñ‹ Ğ³Ñ€Ğ¾Ğ¼ĞºĞ¾ÑÑ‚ÑŒ,å£°éŸ³æ•ˆæœé‡,è²éŸ³æ•ˆæœé‡,ObjÄ™toÅ›Ä‡ efektÃ³w dÅºwiÄ™kowych
Toggle Fullscreen,Toggle Fullscreen,Passer en plein Ã©cran,Passare a schermo intero,Vollbildschaltung,Alternar pantalla completa,ãƒ•ãƒ«ã‚¹ã‚¯ãƒªãƒ¼ãƒ³åˆ‡ã‚Šæ›¿ãˆ,Alternar para o modo tela cheia,Ù…Ù„Ø¡ Ø§Ù„Ø´Ø§Ø´Ø© ØªØ¨Ø¯ÙŠÙ„,ì „ì²´ í™”ë©´ í† ê¸€,Ğ’ĞºĞ»ÑÑ‡Ğ¸Ñ‚ÑŒ Ğ¿Ğ¾Ğ»Ğ½Ğ¾ÑĞºÑ€Ğ°Ğ½Ğ½Ñ‹Ğ¹ Ñ€ĞµĞ¶Ğ¸Ğ¼,åˆ‡æ¢å…¨å±,åˆ‡æ›å…¨å±,PrzeÅ‚Ä…cz tryb peÅ‚noekranowy
Player Name,Player Name,Nom de joueur,Nome del giocatore,Spielername,Nombre del jugador,ãƒ—ãƒ¬ãƒ¼ãƒ¤ã®åå‰,Nome do jogador,Ø§Ø³Ù… Ø§Ù„Ù„Ø§Ø¹Ø¨,ì„ ìˆ˜ ì´ë¦„,Ğ˜Ğ¼Ñ Ğ¸Ğ³Ñ€Ğ¾ĞºĞ°,é€‰æ‰‹å§“å,é¸æ‰‹å§“å,Nazwa gracza
Robe Color,Robe Color,Couleur de la robe,Colore della veste,Robe Farbe,Color de tÃºnica,ãƒ­ãƒ¼ãƒ–ã®è‰²,Cor de tÃºnica,Ø±Ø¯Ø§Ø¡ Ø§Ù„Ù„ÙˆÙ†,ë¡œë¸Œ ì»¬ëŸ¬,Ğ¦Ğ²ĞµÑ‚ Ñ…Ğ°Ğ»Ğ°Ñ‚Ğ°,é•¿è¢é¢œè‰²,é•·è¢é¡è‰²,Kolor szaty
Toggle FPS / Latency Monitor,Toggle FPS / Latency Monitor,Toggle FPS / Lentency Monitor,Monitoraggio FPS / latenza attiva,FPS / Latenzmonitor umschalten,Alternar FPS / Monitor de latencia,FPS / LATENCYãƒ¢ãƒ‹ã‚¿ãƒ¼ã‚’åˆ‡ã‚Šæ›¿ãˆã¾ã™,Alterar FPS / Monitor de LatÃªncia,ØªØ¨Ø¯ÙŠÙ„ FPS / Ù…Ø±Ø§Ù‚Ø¨Ø© Ø§Ù„ÙƒÙ…ÙˆÙ†,FPS / ëŒ€ê¸° ì‹œê°„ ëª¨ë‹ˆí„°ë¥¼ í† ê¸€í•©ë‹ˆë‹¤,ĞŸĞµÑ€ĞµĞºĞ»ÑÑ‡Ğ¸Ñ‚ÑŒ FPS / Ğ·Ğ°Ğ´ĞµÑ€Ğ¶ĞºĞ° Ğ¼Ğ¾Ğ½Ğ¸Ñ‚Ğ¾Ñ€Ğ°,åˆ‡æ¢FPS /å»¶è¿Ÿç›‘è§†å™¨,åˆ‡æ›FPS /å»¶é²ç›£è¦–å™¨,PrzeÅ‚Ä…cz Monitor FPS / OpÃ³Åºnienie
Clear active spell,Clear active spell,Sort actif clair,Chiaro incantesimo attivo,Klarer aktiver Zauber,Clear hechizo activo,ã‚¢ã‚¯ãƒ†ã‚£ãƒ–ãªå‘ªæ–‡ã‚’ã‚¯ãƒªã‚¢ã—ã¾ã™,FeitiÃ§o ativo claro,ØªØ¹ÙˆÙŠØ°Ø© Ù†Ø´Ø·Ø© ÙˆØ§Ø¶Ø­Ø©,ëª…í™•í•œ í™œì„± ì£¼ë¬¸,Ğ¯ÑĞ½Ğ¾Ğµ Ğ°ĞºÑ‚Ğ¸Ğ²Ğ½Ğ¾Ğµ Ğ·Ğ°ĞºĞ»Ğ¸Ğ½Ğ°Ğ½Ğ¸Ğµ,æ¸…æ™°çš„ä¸»åŠ¨å’’è¯­,æ¸…æ™°çš„ä¸»å‹•å’’èª,Jasne aktywne zaklÄ™cie
free look,free look,regard libre,Look gratuito,Kostenloser Look,mirada libre,è‡ªç”±ãªå¤–è¦³,visual grÃ¡tis,Ù†Ø¸Ø±Ø© Ù…Ø¬Ø§Ù†ÙŠØ©,ë¬´ë£Œë³´ê¸°,Ğ¡Ğ²Ğ¾Ğ±Ğ¾Ğ´Ğ½Ñ‹Ğ¹ Ğ²Ğ¸Ğ´,è‡ªç”±è§‚çœ‹,è‡ªç”±è§€çœ‹,darmowe spojrzenie
camera follow player,camera follow player,Camera Suivre le joueur,La fotocamera segui il giocatore,Kamera folgen Spieler,Camera Seguir el jugador,ã‚«ãƒ¡ãƒ©ã¯ãƒ—ãƒ¬ãƒ¼ãƒ¤ãƒ¼ã«å¾“ã„ã¾ã™,CÃ¢mera segue o jogador,Ø§Ù„ÙƒØ§Ù…ÙŠØ±Ø§ Ø§ØªØ¨Ø¹ Ø§Ù„Ù…Ø´ØºÙ„,ì¹´ë©”ë¼ë¥¼ ë”°ë¥´ì‹­ì‹œì˜¤,ĞºĞ°Ğ¼ĞµÑ€Ğ° ÑĞ»ĞµĞ´Ğ¸Ğ»Ğ° Ğ·Ğ° Ğ¸Ğ³Ñ€Ğ¾ĞºĞ¾Ğ¼,ç›¸æœºå…³æ³¨æ’­æ”¾å™¨,ç›¸æ©Ÿé—œæ³¨æ’­æ”¾å™¨,Kamera Å›ledÅº gracza
ping location,ping location,Emplacement de ping,posizione ping,Pingort,ubicaciÃ³n de ping,pingã®å ´æ‰€,LocalizaÃ§Ã£o do ping,Ù…ÙˆÙ‚Ø¹ ping,í•‘ ìœ„ì¹˜,Ğ Ğ°ÑĞ¿Ğ¾Ğ»Ğ¾Ğ¶ĞµĞ½Ğ¸Ğµ Ğ¿Ğ¸Ğ½Ğ³Ğ°,pingä½ç½®,pingä½ç½®,Lokalizacja ping
toggle menu,toggle menu,menu Ã  bascule,menu a disattivazione,MenÃ¼ umschalten,MenÃº de palanca,ãƒˆã‚°ãƒ«ãƒ¡ãƒ‹ãƒ¥ãƒ¼,Menu de alternÃ¢ncia,Ø§Ù„Ù‚Ø§Ø¦Ù…Ø© ØªØ¨Ø¯ÙŠÙ„,í† ê¸€ ë©”ë‰´,Ğ¿ĞµÑ€ĞµĞºĞ»ÑÑ‡ĞµĞ½Ğ¸Ğµ Ğ¼ĞµĞ½Ñ,åˆ‡æ¢èœå•,åˆ‡æ›èœå–®,PrzeÅ‚Ä…cz menu
inventory,inventory,inventaire,inventario,Inventar,inventario,åœ¨åº«,inventÃ¡rio,Ø§Ù„Ù…Ø®Ø²ÙˆÙ†,ëª©ë¡,Ğ¸Ğ½Ğ²ĞµĞ½Ñ‚Ğ°Ñ€ÑŒ,å­˜è´§,å­˜è²¨,Inwentarz
view walk distance,view walk distance,Voir la distance de marche,Visualizza la distanza a piedi,Blickwinne sehen,Ver distancia de caminata,æ­©è¡Œè·é›¢ã‚’è¡¨ç¤ºã—ã¾ã™,ver uma distÃ¢ncia de caminhada,Ø¹Ø±Ø¶ Ù…Ø³Ø§ÙØ© Ø§Ù„Ù…Ø´ÙŠ,ë„ë³´ ê±°ë¦¬ë¥¼ë³´ì‹­ì‹œì˜¤,ĞŸĞ¾ÑĞ¼Ğ¾Ñ‚Ñ€ĞµÑ‚ÑŒ Ğ½Ğ° Ğ´Ğ¸ÑÑ‚Ğ°Ğ½Ñ†Ğ¸Ñ â€‹â€‹Ğ¿Ñ€Ğ¾Ğ³ÑƒĞ»ĞºĞ¸,æŸ¥çœ‹æ­¥è¡Œè·ç¦»,æŸ¥çœ‹æ­¥è¡Œè·é›¢,Zobacz odlegÅ‚oÅ›Ä‡ spaceru
Resume Game,Resume Game,CV Game,Riprendi il gioco,Spiel fortsetzen,Reanudar juego,å±¥æ­´æ›¸ã‚²ãƒ¼ãƒ ,Retomar o jogo,Ø£ÙƒÙ…Ù„ Ø§Ù„Ù„Ø¹Ø¨,ê²Œì„ ì¬ê°œ,ĞŸÑ€Ğ¾Ğ´Ğ¾Ğ»Ğ¶Ğ¸Ñ‚ÑŒ Ğ¸Ğ³Ñ€Ñƒ,æ¸¸æˆç»§ç»­,éŠæˆ²ç¹¼çºŒ,Kontynuuj grÄ™
ğŸ ” Back,ğŸ ” Back,ğŸ ” Retour,ğŸ ” indietro,ğŸ ” zurÃ¼ck,ğŸ ” Volver,ğŸ ”å‰,ğŸ ” Voltar,ğŸ ” Ø§Ù„Ø¹ÙˆØ¯Ø©,ğŸ ” ì´ì „,ğŸ ” Ğ½Ğ°Ğ·Ğ°Ğ´,ğŸ ”å›,ğŸ ”å›,ğŸ ” PowrÃ³t
Quit to Main Menu,Quit to Main Menu,ArrÃªtez du menu principal,ESCIO AL MENU MAIN,Beenden Sie zum HauptmenÃ¼,Renunciar al menÃº principal,ãƒ¡ã‚¤ãƒ³ãƒ¡ãƒ‹ãƒ¥ãƒ¼ã‚’çµ‚äº†ã—ã¾ã™,Pare no menu principal,Ø§Ø³ØªÙ‚Ø§Ù„ Ø¥Ù„Ù‰ Ø§Ù„Ù‚Ø§Ø¦Ù…Ø© Ø§Ù„Ø±Ø¦ÙŠØ³ÙŠØ©,ë©”ì¸ ë©”ë‰´ë¡œ ì¢…ë£Œí•˜ì‹­ì‹œì˜¤,ĞŸĞµÑ€ĞµÑÑ‚Ğ°Ñ‚ÑŒ Ğ³Ğ»Ğ°Ğ²Ğ½Ğ¾Ğµ Ğ¼ĞµĞ½Ñ,é€€å‡ºä¸»èœå•,é€€å‡ºä¸»èœå–®,PrzejdÅº do menu gÅ‚Ã³wnego