Language	English	FranÃ§ais	italiano	deutsch	espaÃ±ol	æ—¥æœ¬	PortuguÃªs	Ø¹Ø±Ø¨Ù‰	í•œêµ­ì–´	Ñ€ÑƒÑÑĞºĞ¸Ğ¹	ä¸­å›½äºº	ä¸­åœ‹äºº	Polskie
LanguageCode	en	fr	it	de	es	ja	pt	ar	ko	ru	zh-CN	zh-TW	pl
test	Press the 1ï¸ button	Appuyez sur le bouton 1ï¸	Premere il pulsante 1ï¸	DrÃ¼cken Sie die 1ï¸ -Taste	Presione el botÃ³n 1min	1ï¸ãƒœã‚¿ãƒ³ã‚’æŠ¼ã—ã¾ã™	Pressione o botÃ£o 1ï¸	Ø§Ø¶ØºØ· Ø¹Ù„Ù‰ Ø²Ø± 1	1ï¸ ë²„íŠ¼ì„ ëˆ„ë¦…ë‹ˆë‹¤	ĞĞ°Ğ¶Ğ¼Ğ¸Ñ‚Ğµ ĞºĞ½Ğ¾Ğ¿ĞºÑƒ 1ï¸	æŒ‰1ï¸æŒ‰é’®	æŒ‰1ï¸æŒ‰éˆ•	NaciÅ›nij przycisk 1ï¸
Your Turn	Your Turn	Ã€ ton tour	Il tuo turno	Du bist dran	Tu turno	ã‚ãªãŸã®ç•ª	Sua vez	Ø¯ÙˆØ±Ùƒ	ë„¤ ì°¨ë¡€ ì•¼	Ğ¢Ğ²Ğ¾Ñ Ğ¾Ñ‡ĞµÑ€ĞµĞ´ÑŒ	åˆ°ä½ äº†	åˆ°ä½ äº†	Twoja kolej
Maximum shield	Maximum shield	Bouclier maximal	SHIELD massimo	Maximaler Schild	Escudo mÃ¡ximo	æœ€å¤§ã‚·ãƒ¼ãƒ«ãƒ‰	Escudo mÃ¡ximo	Ø£Ù‚ØµÙ‰ Ø¯Ø±Ø¹	ìµœëŒ€ ë°©íŒ¨	ĞœĞ°ĞºÑĞ¸Ğ¼Ğ°Ğ»ÑŒĞ½Ñ‹Ğ¹ Ñ‰Ğ¸Ñ‚	æœ€å¤§ç›¾ç‰Œ	æœ€å¤§ç›¾ç‰Œ	Maksymalna tarcza
slash	slash	sabrer	barra	SchrÃ¤gstrich	barra oblicua	ã‚¹ãƒ©ãƒƒã‚·ãƒ¥	golpear	Ø®ÙØ¶	ì‚­ê°	ÑĞ½ĞµÑĞµĞ½Ğ¸Ğµ	å‰Šå‡	å‰Šæ¸›	ciÄ…Ä‡
rend	rend	dÃ©chirer	Rend	zerreiÃŸen	desgarrar	ãƒ¬ãƒ³ãƒ‰	rend	Ø§Ù„Ø§Ø¯Ø§Ø¡	ì°¢ë‹¤	Ñ€ĞµĞ½Ğ´	æ¸²æŸ“	æ¸²æŸ“	rozdzieraÄ‡
bleed	bleed	saigner	sanguinare	bluten	sangrar	å‡ºè¡€	sangrar	ÙŠÙ†Ø²Ù	ì¶œí˜ˆ	Ğ¸ÑÑ‚ĞµĞºĞ°Ñ‚ÑŒ ĞºÑ€Ğ¾Ğ²ÑŒÑ	æµè¡€	æµè¡€	krwawiÄ‡
suffocate	suffocate	Ã©touffer	soffocare	ersticken	sofocar	çª’æ¯ã—ã¾ã™	sufocar	Ø®Ù†Ù‚	ì§ˆì‹	Ğ·Ğ°Ğ´ÑƒÑˆĞ¸Ñ‚ÑŒ	çª’æ¯	çª’æ¯	dusiÄ‡
heal	heal	guÃ©rir	guarire	heilen	sanar	ç™’ã—	curar	Ø´ÙØ§Ø¡ - ÙŠØ´ÙÙ‰	ì¹˜ìœ í•˜ë‹¤	Ğ»ĞµÑ‡Ğ¸Ñ‚ÑŒ	æ„ˆåˆ	ç™’åˆ	leczyÄ‡
target circle	target circle	cercle cible	Cerchio target	Zielkreis	cÃ­rculo objetivo	ã‚¿ãƒ¼ã‚²ãƒƒãƒˆã‚µãƒ¼ã‚¯ãƒ«	CÃ­rculo de destino	Ø¯Ø§Ø¦Ø±Ø© Ø§Ù„Ù‡Ø¯Ù	ëŒ€ìƒ ì›	Ğ¦ĞµĞ»ĞµĞ²Ğ¾Ğ¹ ĞºÑ€ÑƒĞ³	ç›®æ ‡åœ†	ç›®æ¨™åœ“	KoÅ‚o docelowe
connect	connect	relier	Collegare	verbinden	conectar	æ¥ç¶š	conectar	Ø§Ù„Ø§ØªØµØ§Ù„	ì—°ê²°í•˜ë‹¤	ÑĞ¾ĞµĞ´Ğ¸Ğ½ÑÑ‚ÑŒ	è¿æ¥	é€£æ¥	Å‚Ä…czyÄ‡
contaminate	contaminate	contaminer	contaminare	verunreinigen	contaminar	æ±šæŸ“	contaminar	ØªÙ„ÙˆØ«	ì˜¤ì—¼	Ğ·Ğ°Ğ³Ñ€ÑĞ·Ğ½ÑÑ‚ÑŒ	æ±¡æŸ“	æ±¡æŸ“	zanieczyÅ›ciÄ‡
freeze	freeze	gel	congelare	einfrieren	congelar	æ°·çµ	congelar	ØªØ¬Ù…ÙŠØ¯	ì–¼ë‹¤	Ğ·Ğ°Ğ¼Ğ¾Ñ€Ğ¾Ğ·Ğ¸Ñ‚ÑŒ	å†»ç»“	å‡çµ	zamraÅ¼aÄ‡
resurrect	resurrect	ressusciter	resuscita	Wiederbelebung	resucitar	å¾©æ´»	ressuscitar	Ø¥Ø­ÙŠØ§Ø¡	ë¶€í™œ	Ğ²Ğ¾ÑĞºÑ€ĞµÑĞ¸Ñ‚ÑŒ	å¤æ´»	å¾©æ´»	wskrzesiÄ‡
shield	shield	bouclier	scudo	Schild	escudo	ã‚·ãƒ¼ãƒ«ãƒ‰	escudo	Ø¯Ø±Ø¹	ë°©íŒ¨	Ñ‰Ğ¸Ñ‚	ç›¾	ç›¾	tarcza
poison	poison	poison	veleno	Gift	veneno	æ¯’	tÃ³xico	Ø³Ù…	ë…	ÑĞ´	æ¯’	æ¯’	zatruÄ‡
purify	purify	purifier	purificare	reinigen	purificar	æ¸…ã‚ã‚‹	purificar	ØªÙ†Ù‚ÙŠØ©	ì •í™”í•˜ì‹­ì‹œì˜¤	Ğ¾Ñ‡Ğ¸ÑÑ‚Ğ¸Ñ‚ÑŒ	å‡€åŒ–	æ·¨åŒ–	oczyÅ›ciÄ‡
swap	swap	Ã©changer	scambio	Tauschen	intercambio	ã‚¹ãƒ¯ãƒƒãƒ—	troca	ØªØ¨Ø¯ÙŠÙ„	êµí™˜	Ğ¼ĞµĞ½ÑÑ‚ÑŒ	äº¤æ¢	äº¤æ›	zamieniaÄ‡
displace	displace	dÃ©placer	spostare	verdrÃ¤ngen	desplazar	ç½®ãæ›ãˆã¾ã™	deslocar	Ø¥Ø²Ø§Ø­Ø©	ë°”ê¾¸ì–´ ë†“ë‹¤	Ğ²Ñ‹Ñ‚ĞµÑĞ½ÑÑ‚ÑŒ	å–ä»£	å–ä»£	wypieraÄ‡
debilitate	debilitate	dÃ©biliter	debilitare	entkrÃ¤ften	debilitar	è¡°å¼±ã—ã¾ã™	debilitar	Ø§Ù„ÙˆÙ‡Ù†	ì‡ ì•½	Ğ¾ÑĞ»Ğ°Ğ±Ğ»ÑÑ‚ÑŒ	è™šå¼±	è™›å¼±	osÅ‚abiaÄ‡ czyjeÅ› siÅ‚y
protection	protection	protection	protezione	Schutz	proteccion	ä¿è­·	proteÃ§Ã£o	Ø§Ù„Ø­Ù…Ø§ÙŠØ©	ë³´í˜¸	Ğ·Ğ°Ñ‰Ğ¸Ñ‚Ğ°	ä¿æŠ¤	ä¿è­·	ochrona
clone	clone	cloner	clone	Klon	clon	ã‚¯ãƒ­ãƒ¼ãƒ³	clone	Ø§Ø³ØªÙ†Ø³Ø§Ø®	í´ë¡ 	ĞºĞ»Ğ¾Ğ½	å…‹éš†	å…‹éš†	klon
mana_burn	mana burn	mana brÃ»ler	Mana Burn	Mana brennen	Mana Burn	ãƒãƒŠãƒ»ãƒãƒ¼ãƒ³	Mana Burn	Ù…Ø§Ù†Ø§ Ø­Ø±Ù‚	ë§ˆë‚˜ í™”ìƒ	Ğ¼Ğ°Ğ½Ğ° ÑĞ¶Ğ¸Ğ³Ğ°ĞµÑ‚	æ³•åŠ›çƒ§ä¼¤	æ³•åŠ›ç‡’å‚·	Mana Burn
mana_steal	mana steal	mana voler	mana ruba	Mana Steal	robo de manÃ¡	ãƒãƒŠç›—ã¿	Mana roube	Ù…Ø§Ù†Ø§ Ø³Ø±Ù‚Ø©	ë§ˆë‚˜ ë„ë‘‘ì§ˆ	ĞœĞ°Ğ½Ğ° ÑƒĞºÑ€Ğ°ÑÑ‚ÑŒ	æ³•åŠ›å·	æ³•åŠ›å·	Kradnie many
blood curse	blood curse	maloniÃ¨re	Maledizione del sangue	Blutfluch	maldiciÃ³n de sangre	è¡€ã®å‘ªã„	MaldiÃ§Ã£o do sangue	Ù„Ø¹Ù†Ø© Ø§Ù„Ø¯Ù…	í˜ˆì•¡ ì €ì£¼	ĞšÑ€Ğ¾Ğ²Ğ°Ğ²Ğ¾Ğµ Ğ¿Ñ€Ğ¾ĞºĞ»ÑÑ‚Ğ¸Ğµ	è¡€è¯…å’’	è¡€è©›å’’	KlÄ…twa krwi
push	push	pousser	spingere	drÃ¼cken	empujar	æŠ¼ã™	Empurre	ÙŠØ¯ÙØ¹	í‘¸ì‹œ	Ñ‚Ğ¾Ğ»ĞºĞ°Ñ‚ÑŒ	æ¨	æ¨	naciskaÄ‡
pull	pull	tirer	tiro	ziehen	jalar	å¼•ã	puxar	ÙŠØ­Ø°Ø¨	ë‹¹ê¸°ë‹¤	Ñ‚ÑĞ½ÑƒÑ‚ÑŒ	æ‹‰	æ‹‰	ciÄ…gnÄ…Ä‡
vortex	vortex	vortex	vortice	Wirbel	vÃ³rtice	æ¸¦	vÃ³rtice	Ø¯ÙˆØ§Ù…Ø©	ì™€ë™	Ğ²Ğ¸Ñ…Ñ€ÑŒ	æ¶¡æµ	æ¸¦æµ	wir
dash	dash	se prÃ©cipiter	trattino	Bindestrich	estrellarse	ãƒ€ãƒƒã‚·ãƒ¥	traÃ§o	Ø§Ù†Ø¯ÙØ§Ø¹	ëŒ€ì‹œ	Ğ±Ñ€Ğ¾ÑĞ°Ñ‚ÑŒÑÑ	çŸ­è·‘	çŸ­è·‘	kropla
repel	repel	repousser	respingere	abstoÃŸen	repeler	åç™º	repelir	ØµØ¯	ê²©í‡´	Ğ¾Ñ‚Ñ‚Ğ°Ğ»ĞºĞ¸Ğ²Ğ°Ñ‚ÑŒÑÑ	å‡»é€€	æ“Šé€€	odpychaÄ‡
decoy	decoy	faire dure	esca	KÃ¶der	seÃ±uelo	ãƒ‡ã‚³ã‚¤	chamariz	Ø´Ø±Ùƒ	ìœ ì¸ ëª»	Ğ¿Ñ€Ğ¸Ğ¼Ğ°Ğ½ĞºĞ°	è¯±é¥µ	èª˜é¤Œ	maniak
bloat	bloat	gonfler	gonfiare	aufblÃ¤hen	inflar	è†¨ã‚‰ã‚“ã 	inchar	Ù…Ù†ØªÙØ®	ê³ ì°½ì¦	Ñ€Ğ°Ğ·Ğ´ÑƒĞ²Ğ°Ñ‚ÑŒ	è†¨èƒ€	è†¨è„¹	nadÄ…Ä‡
last will	last will	derniÃ¨re volontÃ©	ultima volontÃ 	letzter Wille	Ãºltimo deseo	æœ€å¾Œã®æ„å¿—	Ãºltima vontade	Ø§Ù„ÙˆØµÙŠØ© Ø§Ù„Ø£Ø®ÙŠØ±Ø©	ë§ˆì§€ë§‰ ì˜ì§€	Ğ¿Ğ¾ÑĞ»ĞµĞ´Ğ½ĞµĞµ Ğ¶ĞµĞ»Ğ°Ğ½Ğ¸Ğµ	é—æ„¿	éºé¡˜	Ostatnia wola
split	split	diviser	diviso	Teilt	separar	ã‚¹ãƒ—ãƒªãƒƒãƒˆ	dividir	ÙŠÙ†Ù‚Ø³Ù…	ë‚˜ë‰˜ë‹¤	Ñ€Ğ°ÑĞºĞ¾Ğ»Ğ¾Ñ‚ÑŒ	åˆ†è£‚	åˆ†è£‚	rozdzielaÄ‡
drown	drown	noyer	annegare	ertrinken	ahogar	æººã‚Œã‚‹	afogar	ÙŠØºØ±Ù‚	ì•ˆ ë“¤ë¦¬ê²Œ í•˜ë‹¤	Ñ‚Ğ¾Ğ½ÑƒÑ‚ÑŒ	æ·¹	æ·¹	utopiÄ‡
target similar	target similar	cible similaire	target simile	Ziel Ã¤hnlich	objetivo similar	ã‚¿ãƒ¼ã‚²ãƒƒãƒˆã‚‚åŒæ§˜ã§ã™	alvo semelhante	Ù‡Ø¯Ù Ù…Ù…Ø§Ø«Ù„	ëŒ€ìƒì´ ë¹„ìŠ·í•©ë‹ˆë‹¤	Ğ¦ĞµĞ»ÑŒ Ğ°Ğ½Ğ°Ğ»Ğ¾Ğ³Ğ¸Ñ‡Ğ½Ğ¾	ç›®æ ‡ç›¸ä¼¼	ç›®æ¨™ç›¸ä¼¼	cel podobny
target cone	target cone	cÃ´ne cible	cono target	Zielkegel	cono objetivo	ã‚¿ãƒ¼ã‚²ãƒƒãƒˆã‚³ãƒ¼ãƒ³	Cone alvo	Ø§Ù„Ù‡Ø¯Ù Ø§Ù„Ù…Ø®Ø±ÙˆØ·	ëŒ€ìƒ ì½˜	Ğ¦ĞµĞ»ĞµĞ²Ğ¾Ğ¹ ĞºĞ¾Ğ½ÑƒÑ	é¶é”¥	é¶éŒ	StoÅ¼ek docelowy
plus radius	plus radius	plus le rayon	PiÃ¹ raggio	Plus Radius	Radio mÃ¡s	ãƒ—ãƒ©ã‚¹åŠå¾„	mais raio	Ø¨Ø§Ù„Ø¥Ø¶Ø§ÙØ© Ø¥Ù„Ù‰ Ø¯Ø§Ø¦Ø±Ø© Ù†ØµÙ Ù‚Ø·Ø±Ù‡Ø§	ë˜í•œ ë°˜ê²½	Ğ¿Ğ»ÑÑ Ñ€Ğ°Ğ´Ğ¸ÑƒÑ	åŠ ä¸ŠåŠå¾„	åŠ ä¸ŠåŠå¾‘	Plus promieÅ„
shove	shove	pousser	spingere	schieben	empujÃ³n	çªãå‡ºã—ã¾ã™	empurrÃ£o	Ø¯ÙØ¹	ì§€ì§€	Ğ·Ğ°ÑÑƒĞ½ÑƒÑ‚ÑŒ	æ¨	æ¨	pchniÄ™cie
target column	target column	colonne cible	colonna target	Zielspalte	columna objetivo	ã‚¿ãƒ¼ã‚²ãƒƒãƒˆåˆ—	coluna de destino	Ø§Ù„Ø¹Ù…ÙˆØ¯ Ø§Ù„Ù‡Ø¯Ù	ëŒ€ìƒ ì—´	Ğ¦ĞµĞ»ĞµĞ²Ğ¾Ğ¹ ÑÑ‚Ğ¾Ğ»Ğ±ĞµÑ†	ç›®æ ‡åˆ—	ç›®æ¨™åˆ—	Kolumna docelowa
burst	burst	Ã©clatement	scoppiare	platzen	rÃ¡faga	ãƒãƒ¼ã‚¹ãƒˆ	explodido	Ø§Ù†ÙØ¬Ø§Ø±	í„°ì§€ë‹¤	Ğ»Ğ¾Ğ¿Ğ°Ñ‚ÑŒÑÑ	çˆ†è£‚	çˆ†è£‚	pÄ™kaÄ‡
out of range	Out of Range	Hors de portÃ©e	Fuori dal limite	AuÃŸer Reichweite	Fuera de rango	ç¯„å›²å¤–	Fora de alcance	Ø®Ø§Ø±Ø¬ Ø§Ù„Ù†Ø·Ø§Ù‚	ë²”ìœ„ë¥¼ ë²—ì–´ë‚©ë‹ˆë‹¤	Ğ’Ğ½Ğµ Ğ´Ğ¸Ğ°Ğ¿Ğ°Ğ·Ğ¾Ğ½Ğ°	è¶…å‡ºèŒƒå›´	è¶…å‡ºç¯„åœ	Poza zakresem
Invalid Spawn Location	Invalid Spawn Location	Emplacement d'apparition non valide	Posizione di spawn non valida	UngÃ¼ltiger Spawn -Standort	UbicaciÃ³n de desove no vÃ¡lida	ç„¡åŠ¹ãªã‚¹ãƒãƒ¼ãƒ³ä½ç½®	LocalizaÃ§Ã£o invÃ¡lida de desova	Ù…ÙˆÙ‚Ø¹ ØªÙØ±Ø® ØºÙŠØ± ØµØ§Ù„Ø­	ì˜ëª»ëœ ìŠ¤í° ìœ„ì¹˜	ĞĞµĞ²ĞµÑ€Ğ½Ğ¾Ğµ Ğ¼ĞµÑÑ‚Ğ¾Ğ¿Ğ¾Ğ»Ğ¾Ğ¶ĞµĞ½Ğ¸Ğµ Ğ½ĞµÑ€ĞµÑÑ‚Ğ°	æ— æ•ˆçš„äº§åµä½ç½®	ç„¡æ•ˆçš„ç”¢åµä½ç½®	NieprawidÅ‚owa lokalizacja odrodzenia
Insufficient Mana	Insufficient Mana	Mana insuffisant	Mana insufficiente	Unzureichendes Mana	ManÃ¡ insuficiente	ä¸ååˆ†ãªãƒãƒŠ	Mana insuficiente	Ù…Ø§Ù†Ø§ ØºÙŠØ± ÙƒØ§ÙÙŠØ©	ë¶ˆì¶©ë¶„ í•œ ë§ˆë‚˜	ĞĞµĞ´Ğ¾ÑÑ‚Ğ°Ñ‚Ğ¾Ñ‡Ğ½Ğ°Ñ Ğ¼Ğ°Ğ½Ğ°	æ³•åŠ›ä¸è¶³	æ³•åŠ›ä¸è¶³	NiewystarczajÄ…ca mana
Mana Remaining	Mana Remaining	Mana restant	Mana rimanente	Mana verbleiben	Mana restante	ãƒãƒŠãŒæ®‹ã£ã¦ã„ã¾ã™	Mana restante	Ù…Ø§Ù†Ø§ ØªØ¨Ù‚Ù‰	ë‚¨ì€ ë§ˆë‚˜	ĞœĞ°Ğ½Ğ° Ğ¾ÑÑ‚Ğ°ĞµÑ‚ÑÑ	å‰©ä¸‹çš„æ³•åŠ›	å‰©ä¸‹çš„æ³•åŠ›	Mana pozostaÅ‚a
Insufficient Health	Insufficient Health	SantÃ© insuffisante	Salute insufficiente	Unzureichende Gesundheit	Salud insuficiente	å¥åº·ä¸è¶³	SaÃºde insuficiente	Ø§Ù„ØµØ­Ø© ØºÙŠØ± ÙƒØ§ÙÙŠØ©	ê±´ê°•ì´ ë¶ˆì¶©ë¶„í•©ë‹ˆë‹¤	ĞĞµĞ´Ğ¾ÑÑ‚Ğ°Ñ‚Ğ¾Ñ‡Ğ½Ğ¾Ğµ Ğ·Ğ´Ğ¾Ñ€Ğ¾Ğ²ÑŒĞµ	å¥åº·ä¸è¶³	å¥åº·ä¸è¶³	NiewystarczajÄ…ce zdrowie
This spell will kill you	This spell will kill you	Ce sort vous tuera	Questo incantesimo ti ucciderÃ 	Dieser Zauber wird dich tÃ¶ten	Este hechizo te matarÃ¡	ã“ã®å‘ªæ–‡ã¯ã‚ãªãŸã‚’æ®ºã—ã¾ã™	Este feitiÃ§o vai te matar	Ù‡Ø°Ù‡ Ø§Ù„ØªØ¹ÙˆÙŠØ°Ø© Ø³ÙˆÙ ÙŠÙ‚ØªÙ„Ùƒ	ì´ ì£¼ë¬¸ì€ ë‹¹ì‹ ì„ ì£½ì¼ ê²ƒì…ë‹ˆë‹¤	Ğ­Ñ‚Ğ¾ Ğ·Ğ°ĞºĞ»Ğ¸Ğ½Ğ°Ğ½Ğ¸Ğµ ÑƒĞ±ÑŒĞµÑ‚ Ğ²Ğ°Ñ	è¿™ä¸ªå’’è¯­ä¼šæ€æ­»ä½ 	é€™å€‹å’’èªæœƒæ®ºæ­»ä½ 	To zaklÄ™cie ciÄ™ zabije
This spell will damage & curse you	This spell will damage & curse you	Ce sort vous endommagera et vous maudira	Questo incantesimo ti danneggerÃ  e ti maledirÃ 	Dieser Zauber wird Sie beschÃ¤digen und verfluchen	Este hechizo te daÃ±arÃ¡ y maldecirÃ¡	ã“ã®å‘ªæ–‡ã¯ã‚ãªãŸã‚’å‚·ã¤ã‘ã€å‘ªã„ã¾ã™	Este feitiÃ§o vai danificar e amaldiÃ§oar vocÃª	Ù‡Ø°Ù‡ Ø§Ù„ØªØ¹ÙˆÙŠØ°Ø© Ø³ØªØ¶Ø± ÙˆØªÙ„Ø¹Ù‚Ùƒ	ì´ ì£¼ë¬¸ì€ ë‹¹ì‹ ì„ ì†ìƒì‹œí‚¤ê³  ì €ì£¼í•©ë‹ˆë‹¤	Ğ­Ñ‚Ğ¾ Ğ·Ğ°ĞºĞ»Ğ¸Ğ½Ğ°Ğ½Ğ¸Ğµ Ğ¿Ğ¾Ğ²Ñ€ĞµĞ´Ğ¸Ñ‚ Ğ¸ Ğ¿Ñ€Ğ¾ĞºĞ»ÑÑ‚ Ğ²Ğ°Ñ	è¿™ä¸ªå’’è¯­ä¼šæŸå®³å’Œè¯…å’’ä½ 	é€™å€‹å’’èªæœƒæå®³å’Œè©›å’’ä½ 	To zaklÄ™cie ciÄ™ uszkodzi i przeklina
This spell will damage you	This spell will damage you	Ce sort vous endommagera	Questo incantesimo ti danneggerÃ 	Dieser Zauber wird Sie beschÃ¤digen	Este hechizo te daÃ±arÃ¡	ã“ã®å‘ªæ–‡ã¯ã‚ãªãŸã«ãƒ€ãƒ¡ãƒ¼ã‚¸ã‚’ä¸ãˆã¾ã™	Este feitiÃ§o vai danificar vocÃª	Ù‡Ø°Ù‡ Ø§Ù„ØªØ¹ÙˆÙŠØ°Ø© Ø³ÙˆÙ ØªÙ„Ø­Ù‚ Ø§Ù„Ø¶Ø±Ø± Ø¨Ùƒ	ì´ ì£¼ë¬¸ì€ ë‹¹ì‹ ì„ ì†ìƒì‹œí‚¬ ê²ƒì…ë‹ˆë‹¤	Ğ­Ñ‚Ğ¾ Ğ·Ğ°ĞºĞ»Ğ¸Ğ½Ğ°Ğ½Ğ¸Ğµ Ğ¿Ğ¾Ğ²Ñ€ĞµĞ´Ğ¸Ñ‚ Ğ²Ğ°Ğ¼	è¿™ä¸ªå’’è¯­ä¼šæŸå®³ä½ 	é€™å€‹å’’èªæœƒæå®³ä½ 	To zaklÄ™cie ciÄ™ uszkodzi
This spell will curse you	This spell will curse you	Ce sort vous maudira	Questo incantesimo ti maledirÃ 	Dieser Zauber wird dich verfluchen	Este hechizo te maldecirÃ¡	ã“ã®å‘ªæ–‡ã¯ã‚ãªãŸã‚’å‘ªã†ã§ã—ã‚‡ã†	Este feitiÃ§o vai amaldiÃ§oar vocÃª	Ù‡Ø°Ù‡ Ø§Ù„ØªØ¹ÙˆÙŠØ°Ø© Ø³ÙˆÙ ØªÙ„Ø¹Ù†Ùƒ	ì´ ì£¼ë¬¸ì€ ë‹¹ì‹ ì„ ì €ì£¼ í•  ê²ƒì…ë‹ˆë‹¤	Ğ­Ñ‚Ğ¾ Ğ·Ğ°ĞºĞ»Ğ¸Ğ½Ğ°Ğ½Ğ¸Ğµ Ğ¿Ñ€Ğ¾ĞºĞ»Ğ¸Ğ½Ğ°ĞµÑ‚ Ğ²Ğ°Ñ	è¿™ä¸ªå’’è¯­ä¼šè¯…å’’ä½ 	é€™å€‹å’’èªæœƒè©›å’’ä½ 	To zaklÄ™cie ciÄ™ przeklÄ…
Damage	Damage	DÃ©gÃ¢ts	Danno	Schaden	DaÃ±o	ãƒ€ãƒ¡ãƒ¼ã‚¸	Dano	ØªÙ„Ù	ì†ìƒ	ĞĞ°Ğ½Ğ¾ÑĞ¸Ñ‚ÑŒ ÑƒÑ‰ĞµÑ€Ğ±	æŸå®³	æå®³	Szkoda
Movement	Movement	Mouvement	Movimento	Bewegung	Movimienot	å‹•ã	Movimento	Ø­Ø±ÙƒØ©	ì›€ì§ì„	Ğ”Ğ²Ğ¸Ğ¶ĞµĞ½Ğ¸Ğµ	ç§»åŠ¨	ç§»å‹•	Ruch
Targeting	Targeting	Ciblage	Targeting	Targeting	OrientaciÃ³n	ã‚¿ãƒ¼ã‚²ãƒ†ã‚£ãƒ³ã‚°	Alvejando	Ø§Ù„Ø§Ø³ØªÙ‡Ø¯Ø§Ù	íƒ€ê²ŸíŒ…	Ğ¢Ğ°Ñ€Ğ³ĞµÑ‚Ğ¸Ğ½Ğ³	å®šä½	å®šä½	Celowanie
Mana	Mana	Mana	Mana	Mana	ManÃ¡	ãƒãƒŠ	Mana	Ù…Ø§Ù†Ø§	ë§ˆë‚˜	ĞœĞ°Ğ½Ğ°	æ³•åŠ›	æ³•åŠ›	Mana
Curses	Curses	MalÃ©dictions	Maledizioni	FlÃ¼che	Maldiciones	å‘ªã„	MaldiÃ§Ãµes	Ù„Ø¹Ù†Ø§Øª	ì €ì£¼	ĞŸÑ€Ğ¾ĞºĞ»ÑÑ‚Ğ¸Ñ	è¯…å’’	è©›å’’	Pomstowanie
Blessings	Blessings	BÃ©nÃ©dictions	Benedizioni	Segen	Bendiciones	ç¥ç¦	BÃªnÃ§Ã£os	Ø¨Ø±ÙƒØ§Øª	ì¶•ë³µ	Ğ‘Ğ»Ğ°Ğ³Ğ¾ÑĞ»Ğ¾Ğ²ĞµĞ½Ğ¸Ñ	ç¥ç¦	ç¥ç¦	BÅ‚ogosÅ‚awieÅ„stwa
Soul	Soul	Ã‚me	Anima	Seele	Alma	é­‚	Alma	Ø±ÙˆØ­	ì˜í˜¼	Ğ”ÑƒÑˆĞ°	çµé­‚	éˆé­‚	Dusza
Multiplayer	Multiplayer	Multijoueur	Multiplayer	Multiplayer	Multijugador	ãƒãƒ«ãƒãƒ—ãƒ¬ã‚¤ãƒ¤ãƒ¼	Multiplayer	Ù…ØªØ¹Ø¯Ø¯Ø© Ø§Ù„Ù„Ø§Ø¹Ø¨ÙŠÙ†	ë©€í‹° í”Œë ˆì´ì–´	ĞœĞ½Ğ¾Ğ³Ğ¾Ğ¿Ğ¾Ğ»ÑŒĞ·Ğ¾Ğ²Ğ°Ñ‚ĞµĞ»ÑŒÑĞºĞ¸Ğ¹	å¤šäººæ¸¸æˆ	å¤šäººéŠæˆ²	Gra wieloosobowa
Settings	Settings	RÃ©glages	Impostazioni	Einstellungen	Ajustes	è¨­å®š	DefiniÃ§Ãµes	Ø¥Ø¹Ø¯Ø§Ø¯Ø§Øª	ì„¤ì •	ĞĞ°ÑÑ‚Ñ€Ğ¾Ğ¹ĞºĞ¸	è®¾ç½®	è¨­ç½®	Ustawienia
New Run	New Run	Nouvelle course	Nuova corsa	Neuer Lauf	Nueva carrera	æ–°ã—ã„å®Ÿè¡Œ	Nova corrida	ØªØ´ØºÙŠÙ„ Ø¬Ø¯ÙŠØ¯	ìƒˆë¡œìš´ ë‹¬ë¦¬ê¸°	ĞĞ¾Ğ²Ñ‹Ğ¹ Ğ¿Ñ€Ğ¾Ğ±ĞµĞ³	æ–°è¿è¡Œ	æ–°é‹è¡Œ	Nowy bieg
Help	Help	Aider	Aiuto	Hilfe	Ayuda	ãƒ˜ãƒ«ãƒ—	Ajuda	Ù…Ø³Ø§Ø¹Ø¯Ø©	ë•ë‹¤	ĞŸĞ¾Ğ¼Ğ¾Ñ‰ÑŒ	å¸®åŠ©	å¹«åŠ©	Pomoc
Credits	Credits	CrÃ©dits	Crediti	Credits	CrÃ©ditos	ã‚¯ãƒ¬ã‚¸ãƒƒãƒˆ	CrÃ©ditos	Ø§Ø¹ØªÙ…Ø§Ø¯Ø§Øª	í¬ë ˆë”§	ĞšÑ€ĞµĞ´Ğ¸Ñ‚Ñ‹	å­¦åˆ†	å­¸åˆ†	Kredyty
Localization	Localization	Localisation	Localizzazione	Lokalisierung	LocalizaciÃ³n	ãƒ­ãƒ¼ã‚«ãƒªã‚¼ãƒ¼ã‚·ãƒ§ãƒ³	LocalizaÃ§Ã£o	Ø§Ù„Ù…ÙˆÙ‚Ø¹	í˜„ì§€í™”	Ğ›Ğ¾ĞºĞ°Ğ»Ğ¸Ğ·Ğ°Ñ†Ğ¸Ñ	æœ¬åœŸåŒ–	æœ¬åœŸåŒ–	Lokalizacja
Audio	Audio	l'audio	Audio	Audio	Audio	ã‚ªãƒ¼ãƒ‡ã‚£ã‚ª	Ãudio	ØµÙˆØªÙŠ	ì˜¤ë””ì˜¤	ĞÑƒĞ´Ğ¸Ğ¾	å£°éŸ³çš„	è²éŸ³çš„	Audio
Video	Video	VidÃ©o	video	Video	Video	ãƒ“ãƒ‡ã‚ª	VÃ­deo	ÙÙŠØ¯ÙŠÙˆ	ë™ì˜ìƒ	Ğ²Ğ¸Ğ´ĞµĞ¾	è§†é¢‘	è¦–é »	Wideo
Player Configuration	Player Configuration	Configuration du joueur	Configurazione del giocatore	Spielerkonfiguration	ConfiguraciÃ³n del jugador	ãƒ—ãƒ¬ãƒ¼ãƒ¤ãƒ¼ã®æ§‹æˆ	ConfiguraÃ§Ã£o do jogador	ØªÙƒÙˆÙŠÙ† Ø§Ù„Ù…Ø´ØºÙ„	í”Œë ˆì´ì–´ êµ¬ì„±	ĞšĞ¾Ğ½Ñ„Ğ¸Ğ³ÑƒÑ€Ğ°Ñ†Ğ¸Ñ Ğ¸Ğ³Ñ€Ğ¾ĞºĞ°	ç©å®¶é…ç½®	ç©å®¶é…ç½®	Konfiguracja odtwarzacza
Controls	Controls	Les contrÃ´les	Controlli	Kontrollen	Control S	ã‚³ãƒ³ãƒˆãƒ­ãƒ¼ãƒ«	Controles	Ø¶ÙˆØ§Ø¨Ø·	í†µì œ ìˆ˜ë‹¨	Ğ£Ğ¿Ñ€Ğ°Ğ²Ğ»ĞµĞ½Ğ¸Ğµ	æ§ä»¶	æ§ä»¶	Sterownica
Extras	Extras	SupplÃ©ments	Extra	Extras	Extras	ã‚¨ã‚­ã‚¹ãƒˆãƒ©	Extras	Ø¥Ø¶Ø§ÙØ§Øª	ì—‘ìŠ¤íŠ¸ë¼	Ğ”Ğ¾Ğ¿Ğ¾Ğ»Ğ½ĞµĞ½Ğ¸Ñ	é¢å¤–	é¡å¤–	Dodatki
Total Volume	Total Volume	Volume total	Volume totale	Volle LautstÃ¤rke	Volumen total	å…¨å®¹ç©	Volume total	Ø§Ù„Ø­Ø¬Ù… Ø§Ù„ÙƒÙ„ÙŠ	ì´ ë³¼ë¥¨	ĞĞ±Ñ‰Ğ¸Ğ¹ Ğ¾Ğ±ÑŠĞµĞ¼	æ€»å®¹ç§¯	ç¸½å®¹ç©	Maksymalna gÅ‚oÅ›noÅ›Ä‡
Music Volume	Music Volume	Volume de la musique	Volume della musica	MusiklautstÃ¤rke	Volumen de la mÃºsica	éŸ³æ¥½ã®ãƒœãƒªãƒ¥ãƒ¼ãƒ 	Volume da mÃºsica	Ø·Ø¨Ù‚Ø© ØµÙˆØª Ø§Ù„Ù…ÙˆØ³ÙŠÙ‚Ø§	ìŒì•… ë³¼ë¥¨	ĞœÑƒĞ·Ñ‹ĞºĞ°Ğ»ÑŒĞ½Ñ‹Ğ¹ Ñ‚Ğ¾Ğ¼	éŸ³ä¹å·	éŸ³æ¨‚å·	GÅ‚oÅ›noÅ›Ä‡ muzyki
Sound Effects Volume	Sound Effects Volume	Volume d'effets sonores	Volume degli effetti sonori	Soundeffektvolumen	Volumen de efectos de sonido	ã‚µã‚¦ãƒ³ãƒ‰ã‚¨ãƒ•ã‚§ã‚¯ãƒˆãƒœãƒªãƒ¥ãƒ¼ãƒ 	Volume de efeitos sonoros	Ø­Ø¬Ù… Ø§Ù„Ù…Ø¤Ø«Ø±Ø§Øª Ø§Ù„ØµÙˆØªÙŠØ©	ìŒí–¥ íš¨ê³¼ ë³¼ë¥¨	Ğ—Ğ²ÑƒĞºĞ¾Ğ²Ñ‹Ğµ ÑÑ„Ñ„ĞµĞºÑ‚Ñ‹ Ğ³Ñ€Ğ¾Ğ¼ĞºĞ¾ÑÑ‚ÑŒ	å£°éŸ³æ•ˆæœé‡	è²éŸ³æ•ˆæœé‡	ObjÄ™toÅ›Ä‡ efektÃ³w dÅºwiÄ™kowych
Toggle Fullscreen	Toggle Fullscreen	Passer en plein Ã©cran	Passare a schermo intero	Vollbildschaltung	Alternar pantalla completa	ãƒ•ãƒ«ã‚¹ã‚¯ãƒªãƒ¼ãƒ³åˆ‡ã‚Šæ›¿ãˆ	Alternar para o modo tela cheia	Ù…Ù„Ø¡ Ø§Ù„Ø´Ø§Ø´Ø© ØªØ¨Ø¯ÙŠÙ„	ì „ì²´ í™”ë©´ í† ê¸€	Ğ’ĞºĞ»ÑÑ‡Ğ¸Ñ‚ÑŒ Ğ¿Ğ¾Ğ»Ğ½Ğ¾ÑĞºÑ€Ğ°Ğ½Ğ½Ñ‹Ğ¹ Ñ€ĞµĞ¶Ğ¸Ğ¼	åˆ‡æ¢å…¨å±	åˆ‡æ›å…¨å±	PrzeÅ‚Ä…cz tryb peÅ‚noekranowy
Player Name	Player Name	Nom de joueur	Nome del giocatore	Spielername	Nombre del jugador	ãƒ—ãƒ¬ãƒ¼ãƒ¤ã®åå‰	Nome do jogador	Ø§Ø³Ù… Ø§Ù„Ù„Ø§Ø¹Ø¨	ì„ ìˆ˜ ì´ë¦„	Ğ˜Ğ¼Ñ Ğ¸Ğ³Ñ€Ğ¾ĞºĞ°	é€‰æ‰‹å§“å	é¸æ‰‹å§“å	Nazwa gracza
Robe Color	Robe Color	Couleur de la robe	Colore della veste	Robe Farbe	Color de tÃºnica	ãƒ­ãƒ¼ãƒ–ã®è‰²	Cor de tÃºnica	Ø±Ø¯Ø§Ø¡ Ø§Ù„Ù„ÙˆÙ†	ë¡œë¸Œ ì»¬ëŸ¬	Ğ¦Ğ²ĞµÑ‚ Ñ…Ğ°Ğ»Ğ°Ñ‚Ğ°	é•¿è¢é¢œè‰²	é•·è¢é¡è‰²	Kolor szaty
Toggle FPS / Latency Monitor	Toggle FPS / Latency Monitor	Toggle FPS / Lentency Monitor	Monitoraggio FPS / latenza attiva	FPS / Latenzmonitor umschalten	Alternar FPS / Monitor de latencia	FPS / LATENCYãƒ¢ãƒ‹ã‚¿ãƒ¼ã‚’åˆ‡ã‚Šæ›¿ãˆã¾ã™	Alterar FPS / Monitor de LatÃªncia	ØªØ¨Ø¯ÙŠÙ„ FPS / Ù…Ø±Ø§Ù‚Ø¨Ø© Ø§Ù„ÙƒÙ…ÙˆÙ†	FPS / ëŒ€ê¸° ì‹œê°„ ëª¨ë‹ˆí„°ë¥¼ í† ê¸€í•©ë‹ˆë‹¤	ĞŸĞµÑ€ĞµĞºĞ»ÑÑ‡Ğ¸Ñ‚ÑŒ FPS / Ğ·Ğ°Ğ´ĞµÑ€Ğ¶ĞºĞ° Ğ¼Ğ¾Ğ½Ğ¸Ñ‚Ğ¾Ñ€Ğ°	åˆ‡æ¢FPS /å»¶è¿Ÿç›‘è§†å™¨	åˆ‡æ›FPS /å»¶é²ç›£è¦–å™¨	PrzeÅ‚Ä…cz Monitor FPS / OpÃ³Åºnienie
clearQueuedSpell	Clear active spell	Sort actif clair	Chiaro incantesimo attivo	Klarer aktiver Zauber	Clear hechizo activo	ã‚¢ã‚¯ãƒ†ã‚£ãƒ–ãªå‘ªæ–‡ã‚’ã‚¯ãƒªã‚¢ã—ã¾ã™	FeitiÃ§o ativo claro	ØªØ¹ÙˆÙŠØ°Ø© Ù†Ø´Ø·Ø© ÙˆØ§Ø¶Ø­Ø©	ëª…í™•í•œ í™œì„± ì£¼ë¬¸	Ğ¯ÑĞ½Ğ¾Ğµ Ğ°ĞºÑ‚Ğ¸Ğ²Ğ½Ğ¾Ğµ Ğ·Ğ°ĞºĞ»Ğ¸Ğ½Ğ°Ğ½Ğ¸Ğµ	æ¸…æ™°çš„ä¸»åŠ¨å’’è¯­	æ¸…æ™°çš„ä¸»å‹•å’’èª	Jasne aktywne zaklÄ™cie
free look	free look	regard libre	Look gratuito	Kostenloser Look	mirada libre	è‡ªç”±ãªå¤–è¦³	visual grÃ¡tis	Ù†Ø¸Ø±Ø© Ù…Ø¬Ø§Ù†ÙŠØ©	ë¬´ë£Œë³´ê¸°	Ğ¡Ğ²Ğ¾Ğ±Ğ¾Ğ´Ğ½Ñ‹Ğ¹ Ğ²Ğ¸Ğ´	è‡ªç”±è§‚çœ‹	è‡ªç”±è§€çœ‹	darmowe spojrzenie
recenterCamera	camera follow player	Camera Suivre le joueur	La fotocamera segui il giocatore	Kamera folgen Spieler	Camera Seguir el jugador	ã‚«ãƒ¡ãƒ©ã¯ãƒ—ãƒ¬ãƒ¼ãƒ¤ãƒ¼ã«å¾“ã„ã¾ã™	CÃ¢mera segue o jogador	Ø§Ù„ÙƒØ§Ù…ÙŠØ±Ø§ Ø§ØªØ¨Ø¹ Ø§Ù„Ù…Ø´ØºÙ„	ì¹´ë©”ë¼ë¥¼ ë”°ë¥´ì‹­ì‹œì˜¤	ĞºĞ°Ğ¼ĞµÑ€Ğ° ÑĞ»ĞµĞ´Ğ¸Ğ»Ğ° Ğ·Ğ° Ğ¸Ğ³Ñ€Ğ¾ĞºĞ¾Ğ¼	ç›¸æœºå…³æ³¨æ’­æ”¾å™¨	ç›¸æ©Ÿé—œæ³¨æ’­æ”¾å™¨	Kamera Å›ledÅº gracza
ping	ping location	Emplacement de ping	posizione ping	Pingort	ubicaciÃ³n de ping	pingã®å ´æ‰€	LocalizaÃ§Ã£o do ping	Ù…ÙˆÙ‚Ø¹ ping	í•‘ ìœ„ì¹˜	Ğ Ğ°ÑĞ¿Ğ¾Ğ»Ğ¾Ğ¶ĞµĞ½Ğ¸Ğµ Ğ¿Ğ¸Ğ½Ğ³Ğ°	pingä½ç½®	pingä½ç½®	Lokalizacja ping
toggle menu	toggle menu	menu Ã  bascule	menu a disattivazione	MenÃ¼ umschalten	MenÃº de palanca	ãƒˆã‚°ãƒ«ãƒ¡ãƒ‹ãƒ¥ãƒ¼	Menu de alternÃ¢ncia	Ø§Ù„Ù‚Ø§Ø¦Ù…Ø© ØªØ¨Ø¯ÙŠÙ„	í† ê¸€ ë©”ë‰´	Ğ¿ĞµÑ€ĞµĞºĞ»ÑÑ‡ĞµĞ½Ğ¸Ğµ Ğ¼ĞµĞ½Ñ	åˆ‡æ¢èœå•	åˆ‡æ›èœå–®	PrzeÅ‚Ä…cz menu
inventory	inventory	inventaire	inventario	Inventar	inventario	åœ¨åº«	inventÃ¡rio	Ø§Ù„Ù…Ø®Ø²ÙˆÙ†	ëª©ë¡	Ğ¸Ğ½Ğ²ĞµĞ½Ñ‚Ğ°Ñ€ÑŒ	å­˜è´§	å­˜è²¨	Inwentarz
showWalkRope	view walk distance	Voir la distance de marche	Visualizza la distanza a piedi	Blickwinne sehen	Ver distancia de caminata	æ­©è¡Œè·é›¢ã‚’è¡¨ç¤ºã—ã¾ã™	ver uma distÃ¢ncia de caminhada	Ø¹Ø±Ø¶ Ù…Ø³Ø§ÙØ© Ø§Ù„Ù…Ø´ÙŠ	ë„ë³´ ê±°ë¦¬ë¥¼ë³´ì‹­ì‹œì˜¤	ĞŸĞ¾ÑĞ¼Ğ¾Ñ‚Ñ€ĞµÑ‚ÑŒ Ğ½Ğ° Ğ´Ğ¸ÑÑ‚Ğ°Ğ½Ñ†Ğ¸Ñ â€‹â€‹Ğ¿Ñ€Ğ¾Ğ³ÑƒĞ»ĞºĞ¸	æŸ¥çœ‹æ­¥è¡Œè·ç¦»	æŸ¥çœ‹æ­¥è¡Œè·é›¢	Zobacz odlegÅ‚oÅ›Ä‡ spaceru
Resume Game	Resume Game	CV Game	Riprendi il gioco	Spiel fortsetzen	Reanudar juego	å±¥æ­´æ›¸ã‚²ãƒ¼ãƒ 	Retomar o jogo	Ø£ÙƒÙ…Ù„ Ø§Ù„Ù„Ø¹Ø¨	ê²Œì„ ì¬ê°œ	ĞŸÑ€Ğ¾Ğ´Ğ¾Ğ»Ğ¶Ğ¸Ñ‚ÑŒ Ğ¸Ğ³Ñ€Ñƒ	æ¸¸æˆç»§ç»­	éŠæˆ²ç¹¼çºŒ	Kontynuuj grÄ™
ğŸ ” Back	ğŸ ” Back	ğŸ ” Retour	ğŸ ” indietro	ğŸ ” zurÃ¼ck	ğŸ ” Volver	ğŸ ”å‰	ğŸ ” Voltar	ğŸ ” Ø§Ù„Ø¹ÙˆØ¯Ø©	ğŸ ” ì´ì „	ğŸ ” Ğ½Ğ°Ğ·Ğ°Ğ´	ğŸ ”å›	ğŸ ”å›	ğŸ ” PowrÃ³t
Quit to Main Menu	Quit to Main Menu	ArrÃªtez du menu principal	ESCIO AL MENU MAIN	Beenden Sie zum HauptmenÃ¼	Renunciar al menÃº principal	ãƒ¡ã‚¤ãƒ³ãƒ¡ãƒ‹ãƒ¥ãƒ¼ã‚’çµ‚äº†ã—ã¾ã™	Pare no menu principal	Ø§Ø³ØªÙ‚Ø§Ù„ Ø¥Ù„Ù‰ Ø§Ù„Ù‚Ø§Ø¦Ù…Ø© Ø§Ù„Ø±Ø¦ÙŠØ³ÙŠØ©	ë©”ì¸ ë©”ë‰´ë¡œ ì¢…ë£Œí•˜ì‹­ì‹œì˜¤	ĞŸĞµÑ€ĞµÑÑ‚Ğ°Ñ‚ÑŒ Ğ³Ğ»Ğ°Ğ²Ğ½Ğ¾Ğµ Ğ¼ĞµĞ½Ñ	é€€å‡ºä¸»èœå•	é€€å‡ºä¸»èœå–®	PrzejdÅº do menu gÅ‚Ã³wnego
Disconnect	Disconnect	DÃ©brancher	Disconnessione	Trennen	Desconectar	åˆ‡æ–­ã—ã¾ã™	desconectar	Ù‚Ø·Ø¹ Ø§Ù„Ø§ØªØµØ§Ù„	ì—°ê²°ì„ ëŠìŠµë‹ˆë‹¤	ĞÑ‚ĞºĞ»ÑÑ‡Ğ¸Ñ‚ÑŒ	æ–­å¼€	æ–·é–‹	RozÅ‚Ä…czyÄ‡ siÄ™
Are you sure you want to disconnect from this server?	Are you sure you want to disconnect from this server?	ÃŠtes-vous sÃ»r de vouloir se dÃ©connecter de ce serveur?	Sei sicuro di voler disconnettersi da questo server?	Sind Sie sicher, dass Sie die Verbindung von diesem Server trennen mÃ¶chten?	Â¿EstÃ¡s seguro de que quieres desconectarte de este servidor?	ã“ã®ã‚µãƒ¼ãƒãƒ¼ã‹ã‚‰åˆ‡æ–­ã—ãŸã„ã§ã™ã‹ï¼Ÿ	Tem certeza de que deseja se desconectar deste servidor?	Ù‡Ù„ Ø£Ù†Øª Ù…ØªØ£ÙƒØ¯ Ù…Ù† Ø£Ù†Ùƒ ØªØ±ÙŠØ¯ Ø§Ù„Ø§Ù†ÙØµØ§Ù„ Ø¹Ù† Ù‡Ø°Ø§ Ø§Ù„Ø®Ø§Ø¯Ù…ØŸ	ì´ ì„œë²„ì—ì„œ ì—°ê²°ì„ ëŠê³  ì‹¶ìŠµë‹ˆê¹Œ?	Ğ’Ñ‹ ÑƒĞ²ĞµÑ€ĞµĞ½Ñ‹, Ñ‡Ñ‚Ğ¾ Ñ…Ğ¾Ñ‚Ğ¸Ñ‚Ğµ Ğ¾Ñ‚ĞºĞ»ÑÑ‡Ğ¸Ñ‚ÑŒÑÑ Ğ¾Ñ‚ ÑÑ‚Ğ¾Ğ³Ğ¾ ÑĞµÑ€Ğ²ĞµÑ€Ğ°?	æ‚¨ç¡®å®šè¦ä¸è¯¥æœåŠ¡å™¨æ–­å¼€è¿æ¥å—ï¼Ÿ	æ‚¨ç¢ºå®šè¦èˆ‡è©²æœå‹™å™¨æ–·é–‹é€£æ¥å—ï¼Ÿ	Czy na pewno chcesz odÅ‚Ä…czyÄ‡ siÄ™ od tego serwera?
Server Url	Server Url	URL du serveur	URL del server	Server -URL	URL del servidor	ã‚µãƒ¼ãƒãƒ¼URL	URL do servidor	Ø¹Ù†ÙˆØ§Ù† URL Ø§Ù„Ø®Ø§Ø¯Ù…	ì„œë²„ URL	Ğ¡ĞµÑ€Ğ²ĞµÑ€ URL	æœåŠ¡å™¨URL	æœå‹™å™¨URL	URL serwera
How to Move	How to Move	Comment bouger	Come muoversi	Wie man sich bewegen	CÃ³mo mover	ç§»å‹•æ–¹æ³•	Como se mover	ÙƒÙŠÙÙŠØ© Ø§Ù„ØªØ­Ø±Ùƒ	ì´ë™í•˜ëŠ” ë°©ë²•	ĞšĞ°Ğº Ğ´Ğ²Ğ¸Ğ³Ğ°Ñ‚ÑŒÑÑ	å¦‚ä½•ç§»åŠ¨	å¦‚ä½•ç§»å‹•	Jak siÄ™ poruszaÄ‡
Forging Spells	Forging Spells	Forger des sorts	Forgiare incantesimi	Schmieden Zauber	Hechizos forjados	å‘ªæ–‡ã®é›é€ 	Forjando feitiÃ§os	ØªØ²ÙˆÙŠØ± Ù†ÙˆØ¨Ø§Øª	ì² ìë¥¼ ë‹¨ì¡°í•©ë‹ˆë‹¤	ĞšĞ¾Ğ»ÑÑĞºĞ° Ğ·Ğ°ĞºĞ»Ğ¸Ğ½Ğ°Ğ½Ğ¸Ğ¹	é”»é€ æ³•æœ¯	é›é€ æ³•è¡“	ZaklÄ™cia kucia
Stacking Spells	Stacking Spells	Sorts d'empilement	Incantesimi impilanti	Zauberstapel	Hechizos de apilamiento	ã‚¹ã‚¿ãƒƒã‚­ãƒ³ã‚°ã‚¹ãƒšãƒ«	Empilhando feitiÃ§os	Ù†ÙˆØ¨Ø§Øª Ø§Ù„ØªØ±Ø§Øµ	ìŠ¤íƒœí‚¹ ì£¼ë¬¸	Ğ£ĞºĞ»Ğ°Ğ´Ñ‹Ğ²Ğ°Ğ½Ğ¸Ğµ Ğ·Ğ°ĞºĞ»Ğ¸Ğ½Ğ°Ğ½Ğ¸Ğ¹	å †å æ³•æœ¯	å †ç–Šæ³•è¡“	UkÅ‚adanie zaklÄ™Ä‡
Stamina	Stamina	Endurance	Resistenza	DurchhaltevermÃ¶gen	Aguante	å…ƒæ°—	Energia	Ø§Ù„Ù‚Ø¯Ø±Ø© Ø¹Ù„Ù‰ Ø§Ù„ØªØ­Ù…Ù„	ë‚´êµ¬ë ¥	Ğ’Ñ‹Ğ½Ğ¾ÑĞ»Ğ¸Ğ²Ğ¾ÑÑ‚ÑŒ	è€åŠ›	è€åŠ›	WytrwaÅ‚oÅ›Ä‡
End Turn	End Turn	Virage final	Turn	Endrunde	Fin del turno	ã‚¿ãƒ¼ãƒ³ã‚’çµ‚äº†ã—ã¾ã™	Turno final	Ù†Ù‡Ø§ÙŠØ© Ø¨Ø¯ÙˆØ±Ù‡	ë íšŒì „	ĞšĞ¾Ğ½ĞµÑ† Ğ¿Ğ¾Ğ²Ğ¾Ñ€Ğ¾Ñ‚Ğ°	ç»“æŸ	çµæŸ	Koniec kolejki
Mana Overfill	Mana Overfill	Mana trop	Mana eccessiva	Mana ÃœberfÃ¼llung	Mana Overglill	ãƒãƒŠã®ã‚ªãƒ¼ãƒãƒ¼ãƒ•ã‚£ãƒ«	Mana Overfill	Ù…Ø§Ù†Ø§ ÙØ§Ø¦Ø¶	ë§ˆë‚˜ ì˜¤ë²„í•„	ĞœĞ°Ğ½Ğ° Ğ¿ĞµÑ€ĞµĞ¿Ğ¾Ğ»Ğ½ĞµĞ½Ğ°	æ³•åŠ›è¶…é‡	æ³•åŠ›è¶…é‡	MANA PrzeciÄ…Å¼anie
Mana Cost	Mana Cost	CoÃ»t de mana	Costo mana	Mana Kosten	El coste de manÃ¡	ãƒãƒŠã‚³ã‚¹ãƒˆ	Custo de mana	ØªÙƒÙ„ÙØ© Ù…Ø§Ù†Ø§	ë§ˆë‚˜ ë¹„ìš©	ĞœĞ°Ğ½Ğ° ÑÑ‚Ğ¾Ğ¸Ğ¼Ğ¾ÑÑ‚ÑŒ	æ³•åŠ›è´¹ç”¨	æ³•åŠ›è²»ç”¨	Koszt many
Melee Agro	Melee Agro	MÃªlÃ©e agro	Melee Agro	Nahkampfagro	Melee Agro	è¿‘æ¥ã‚¢ã‚°ãƒ­	AGRO AGRO DO MOLHO	Ø§Ù„Ù…Ø´Ø§Ø¬Ø±Ø© Agro	ê·¼ì ‘ ì•„ê·¸ë¡œ	Ğ‘Ğ»Ğ¸Ğ¶Ğ½Ğ¸Ğ¹ Ğ°Ğ³Ñ€Ğ¾	è¿‘æˆ˜å†œä¸š	è¿‘æˆ°è¾²æ¥­	Walka Agro
Ranged Agro	Ranged Agro	Agro Ã  distance	Agro a distanza	Fernkampf -Agro	A distancia agro	é éš”ã‚¢ã‚°ãƒ­	AGRO AGRO	ØªØ±Ø§ÙˆØ­Øª Ø§Ù„Ø²Ø±Ø§Ø¹Ø©	ì›ê±°ë¦¬ Agro	Ğ­Ñ„Ñ„ĞµĞºÑ‚ ĞĞ³Ñ€Ğ¾	è¿œç¨‹å†œä¸š	é ç¨‹è¾²æ¥­	Dystrybowany agro
Camera Movement	Camera Movement	Mouvement de la camÃ©ra	Movimento della telecamera	Kamerabewegung	Movimiento de la cÃ¡mara	ã‚«ãƒ¡ãƒ©ã®å‹•ã	Movimento da cÃ¢mera	Ø­Ø±ÙƒØ© Ø§Ù„ÙƒØ§Ù…ÙŠØ±Ø§	ì¹´ë©”ë¼ ì›€ì§ì„	Ğ”Ğ²Ğ¸Ğ¶ĞµĞ½Ğ¸Ğµ ĞºĞ°Ğ¼ĞµÑ€Ñ‹	ç›¸æœºè¿åŠ¨	ç›¸æ©Ÿé‹å‹•	Ruch kamery
Getting New Spells	Getting New Spells	Obtenir de nouveaux sorts	Ottenere nuovi incantesimi	Neue Zauber bekommen	Obtener nuevos hechizos	æ–°ã—ã„å‘ªæ–‡ã‚’å–å¾—ã—ã¾ã™	Obtendo novos feitiÃ§os	Ø§Ù„Ø­ØµÙˆÙ„ Ø¹Ù„Ù‰ Ù†ÙˆØ¨Ø§Øª Ø¬Ø¯ÙŠØ¯Ø©	ìƒˆë¡œìš´ ì£¼ë¬¸ì„ ì–»ìŠµë‹ˆë‹¤	ĞŸĞ¾Ğ»ÑƒÑ‡ĞµĞ½Ğ¸Ğµ Ğ½Ğ¾Ğ²Ñ‹Ñ… Ğ·Ğ°ĞºĞ»Ğ¸Ğ½Ğ°Ğ½Ğ¸Ğ¹	è·å¾—æ–°å’’è¯­	ç²å¾—æ–°å’’èª	Uzyskanie nowych zaklÄ™Ä‡
Missing Scroll Pickups	Missing Scroll Pickups	Pick-ups de dÃ©filement manquantes	Pickup a scorrimento mancanti	Fehlende Schriftrollenabholung	Falta de camionetas de desplazamiento	ã‚¹ã‚¯ãƒ­ãƒ¼ãƒ«ãƒ”ãƒƒã‚¯ã‚¢ãƒƒãƒ—ãŒã‚ã‚Šã¾ã›ã‚“	Falta captadores de rolagem	Ù…ÙÙ‚ÙˆØ¯ Ø§Ù„ØªÙ…Ø±ÙŠØ± Ø§Ù„ØªÙ‚Ø§Ø·Ø§Øª	ëˆ„ë½ ëœ ìŠ¤í¬ë¡¤ í”½ì—…	ĞÑ‚ÑÑƒÑ‚ÑÑ‚Ğ²ÑƒÑÑ‚ Ğ¿Ğ¸ĞºĞ°Ğ¿Ñ‹ Ğ¿Ñ€Ğ¾ĞºÑ€ÑƒÑ‚ĞºĞ¸	ç¼ºå°‘æ»šåŠ¨æ‹¾éŸ³å™¨	ç¼ºå°‘æ»¾å‹•æ‹¾éŸ³å™¨	BrakujÄ…ce pickupy przewijania
Liquid Damage	Liquid Damage	DÃ©gÃ¢ts des eaux	Danno liquido	Wasserschaden	DaÃ±o liquido	æ¶²ä½“æå‚·	Dano lÃ­quido	ØªÙ„Ù Ø§Ù„Ø³Ø§Ø¦Ù„	ì•¡ì²´ ì†ìƒ	ĞŸĞ¾Ğ²Ñ€ĞµĞ¶Ğ´ĞµĞ½Ğ¸Ğµ Ğ¶Ğ¸Ğ´ĞºĞ¾ÑÑ‚Ğ¸	æ¶²ä½“æŸå®³	æ¶²é«”æå®³	Uszkodzenie cieczy
Remove Spells	Remove Spells	Supprimer les sorts	Rimuovere gli incantesimi	Zauber entfernen	Eliminar hechizos	å‘ªæ–‡ã‚’å‰Šé™¤ã—ã¾ã™	Remova feitiÃ§os	Ø¥Ø²Ø§Ù„Ø© Ø§Ù„ØªØ¹ÙˆÙŠØ°Ø§Øª	ì£¼ë¬¸ì„ ì œê±°í•˜ì‹­ì‹œì˜¤	Ğ£Ğ´Ğ°Ğ»Ğ¸Ñ‚ÑŒ Ğ·Ğ°ĞºĞ»Ğ¸Ğ½Ğ°Ğ½Ğ¸Ñ	åˆ é™¤å’’è¯­	åˆªé™¤å’’èª	UsuÅ„ zaklÄ™cia
Spell Forge Order	Spell Forge Order	Ordre de forge	Ordine di incantesimo	Zaubernahrungsauftrag	Orden de forja de hechizos	ã‚¹ãƒšãƒ«ãƒ•ã‚©ãƒ¼ã‚¸ã‚ªãƒ¼ãƒ€ãƒ¼	Ordem de forja de feitiÃ§o	ØªÙ‡Ø¬Ø¦Ø© Forge Ø£Ù…Ø±	ì² ì ìœ„ì¡° ìˆœì„œ	Ğ—Ğ°ĞºĞ»Ğ¸Ğ½Ğ°Ğ½Ğ¸Ğµ Ğ¿Ğ¾Ñ€ÑĞ´Ğ¾Ğº ĞºÑƒĞ·Ğ½Ğ¸Ñ†Ñ‹	æ³•æœ¯ä¼ªé€ è®¢å•	æ³•è¡“å½é€ è¨‚å–®	ZamÃ³wienie zaklÄ™Ä‡
Surviving Death	Surviving Death	Mort survivante	Morte sopravvissuta	Ãœberlebender Tod	Muerte sobreviviente	ç”Ÿãæ®‹ã£ãŸæ­»	Sobreviver Ã  morte	Ø§Ù„Ø¨Ù‚Ø§Ø¡ Ø¹Ù„Ù‰ Ù‚ÙŠØ¯ Ø§Ù„Ø­ÙŠØ§Ø©	ì‚´ì•„ë‚¨ì€ ì£½ìŒ	Ğ’Ñ‹Ğ¶Ğ¸Ğ²Ğ°Ñ ÑĞ¼ĞµÑ€Ñ‚ÑŒ	å¹¸å­˜çš„æ­»äº¡	å€–å­˜çš„æ­»äº¡	OcalaÅ‚a Å›mierÄ‡
Mini Bosses	Mini Bosses	Mini patrons	Mini capi	Mini -Chefs	Mini jefes	ãƒŸãƒ‹ãƒœã‚¹	Mini chefes	Ø§Ù„Ø±Ø¤Ø³Ø§Ø¡ Ø§Ù„Ù…ØµØºØ±Ø©	ë¯¸ë‹ˆ ë³´ìŠ¤	ĞœĞ¸Ğ½Ğ¸ -Ğ±Ğ¾ÑÑÑ‹	è¿·ä½ è€æ¿	è¿·ä½ è€é—†	Mini bossowie
Are you sure you want to end your turn without moving or casting?	Are you sure you want to end your turn without moving or casting?	ÃŠtes-vous sÃ»r de vouloir terminer votre tour sans bouger ni casting?	Sei sicuro di voler terminare il tuo turno senza muoversi o lanciare?	Sind Sie sicher, dass Sie Ihre Reihe beenden mÃ¶chten, ohne sich zu bewegen oder zu gieÃŸen?	Â¿EstÃ¡s seguro de que quieres terminar tu turno sin moverse o fundir?	å‹•ãã‚„ã‚­ãƒ£ã‚¹ãƒˆã›ãšã«é †ç•ªã‚’çµ‚ã‚ã‚‰ã›ãŸã„ã§ã™ã‹ï¼Ÿ	Tem certeza de que deseja terminar sua vez sem se mover ou fundir?	Ù‡Ù„ Ø£Ù†Øª Ù…ØªØ£ÙƒØ¯ Ù…Ù† Ø£Ù†Ùƒ ØªØ±ÙŠØ¯ Ø¥Ù†Ù‡Ø§Ø¡ Ø¯ÙˆØ±Ùƒ Ø¯ÙˆÙ† Ø£Ù† ØªØªØ­Ø±Ùƒ Ø£Ùˆ ØµØ¨ØŸ	ì›€ì§ì´ê±°ë‚˜ ìºìŠ¤íŒ…í•˜ì§€ ì•Šê³  í„´ì„ ëë‚´ê³  ì‹¶ìŠµë‹ˆê¹Œ?	Ğ’Ñ‹ ÑƒĞ²ĞµÑ€ĞµĞ½Ñ‹, Ñ‡Ñ‚Ğ¾ Ñ…Ğ¾Ñ‚Ğ¸Ñ‚Ğµ Ğ·Ğ°ĞºĞ¾Ğ½Ñ‡Ğ¸Ñ‚ÑŒ ÑĞ²Ğ¾Ñ Ğ¾Ñ‡ĞµÑ€ĞµĞ´ÑŒ Ğ±ĞµĞ· Ğ´Ğ²Ğ¸Ğ¶ĞµĞ½Ğ¸Ñ Ğ¸ ĞºĞ°ÑÑ‚Ğ¸Ğ½Ğ³Ğ°?	æ‚¨ç¡®å®šæ‚¨æƒ³åœ¨ä¸åŠ¨æˆ–é“¸é€ çš„æƒ…å†µä¸‹ç»“æŸè½¬å¼¯å—ï¼Ÿ	æ‚¨ç¢ºå®šæ‚¨æƒ³åœ¨ä¸å‹•æˆ–é‘„é€ çš„æƒ…æ³ä¸‹çµæŸè½‰å½å—ï¼Ÿ	Czy na pewno chcesz zakoÅ„czyÄ‡ swojÄ… kolej bez poruszania siÄ™ ani rzucania?
Okay	Okay	D'accord	Bene	Okay	De acuerdo	ã‚ã‹ã£ãŸ	Ok	ØªÙ…Ø§Ù…	ê´œì°®ì•„	Ğ¥Ğ¾Ñ€Ğ¾ÑˆĞ¾	å¥½çš„	å¥½çš„	Dobra
Intriguing...	Intriguing...	Intrigant...	Intrigante...	Faszinierend...	Intrigante...	èˆˆå‘³æ·±ã„...	Intrigante...	Ù…Ø«ÙŠØ±Ø© Ù„Ù„Ø§Ù‡ØªÙ…Ø§Ù…...	í¥ë¯¸ë¡œìš´ ...	Ğ˜Ğ½Ñ‚Ñ€Ğ¸Ğ³ÑƒÑÑ‰Ğ¸Ğ¹ ...	æœ‰è¶£...	æœ‰è¶£...	Intrygancki...
Nice!	Nice!	AgrÃ©able!	Simpatico!	Nett!	Â¡Agradable!	è‰¯ã„ï¼	AgradÃ¡vel!	Ù„Ø·ÙŠÙ - Ø¬ÙŠØ¯!	ë©‹ì§„!	Ğ¥Ğ¾Ñ€Ğ¾ÑˆĞ¸Ğ¹!	å¥½çš„ï¼	å¥½çš„ï¼	MiÅ‚y!
Cool!	Cool!	Cool!	Freddo!	KÃ¼hl!	Â¡Enfriar!	æ¶¼ã—ã„ï¼	Legal!	Ø±Ø§Ø¦Ø¹!	ì‹œì›í•œ!	ĞŸÑ€Ğ¾Ñ…Ğ»Ğ°Ğ´Ğ½Ñ‹Ğ¹!	å‡‰çˆ½çš„ï¼	æ¶¼çˆ½çš„ï¼	ChÅ‚odny!
I'm so organized!	I'm so organized!	Je suis tellement organisÃ©!	Sono cosÃ¬ organizzato!	Ich bin so organisiert!	Â¡Estoy tan organizado!	ç§ã¯ã¨ã¦ã‚‚çµ„ç¹”åŒ–ã•ã‚Œã¦ã„ã¾ã™ï¼	Estou tÃ£o organizado!	Ø£Ù†Ø§ Ù…Ù†Ø¸Ù… Ø¬Ø¯Ø§!	ë‚˜ëŠ” ë„ˆë¬´ ì¡°ì§ë˜ì–´ìˆë‹¤!	Ğ¯ Ñ‚Ğ°Ğº Ğ¾Ñ€Ğ³Ğ°Ğ½Ğ¸Ğ·Ğ¾Ğ²Ğ°Ğ½!	æˆ‘å¾ˆäº•äº•æœ‰æ¡ï¼	æˆ‘å¾ˆäº•äº•æœ‰æ¢ï¼	Jestem taki zorganizowany!
Yikes!	Yikes!	Yikes!	Yikes!	Yikes!	Â¡Ay!	ã†ã‚ãï¼	Caramba!	yikes!	ì´í‚¤ìŠ¤!	Ğ˜ĞºĞµÑ!	æ˜¯çš„ï¼	æ˜¯çš„ï¼	Yikes!
Bummer	Bummer	Dommage	Bummer	Mist	GorrÃ³n	ãƒãƒãƒ¼	Desapontamento	Ø§Ù„Ù…Ø´ÙƒÙ„Ù‡	ë²” ë©”ë¥´	ĞĞ±Ğ»Ğ¾Ğ¼	bummer	bummer	PoraÅ¼ka
Got it!	Got it!	J'ai compris!	Fatto!	Ich habs!	Â¡Entiendo!	ã¨ã£ãŸï¼	Entendi!	ÙÙ‡Ù…ØªÙƒ!	ì•Œì•˜ì–´ìš”!	ĞŸĞ¾Ğ½ÑÑ‚Ğ½Ğ¾!	çŸ¥é“äº†ï¼	çŸ¥é“äº†ï¼	Rozumiem!
no	no	non	No	nein	no	ç•ªå·	nÃ£o	Ø±Ù‚Ù…	ì•„ë‹ˆìš”	Ğ½ĞµÑ‚	ä¸	ä¸	nie
-no longer needed-	-	-	-	- -	-	 - 	-	-	-	-	 - 	 - 	-
how to move title	How to Move	Comment bouger	Come muoversi	Wie man sich bewegen	CÃ³mo mover	ç§»å‹•æ–¹æ³•	Como se mover	ÙƒÙŠÙÙŠØ© Ø§Ù„ØªØ­Ø±Ùƒ	ì´ë™í•˜ëŠ” ë°©ë²•	ĞšĞ°Ğº Ğ´Ğ²Ğ¸Ğ³Ğ°Ñ‚ÑŒÑÑ	å¦‚ä½•ç§»åŠ¨	å¦‚ä½•ç§»å‹•	Jak siÄ™ poruszaÄ‡
how to move description	Hold right mouse button to walk towards your cursor.	Tenez le bouton droit de la souris pour marcher vers votre curseur.	Tieni premuto il pulsante del mouse a destra per camminare verso il cursore.	Halten Sie die rechte Maustaste, um in Richtung Ihres Cursors zu gehen.	Mantenga presionado el botÃ³n del mouse derecho para caminar hacia su cursor.	å³ãƒã‚¦ã‚¹ãƒœã‚¿ãƒ³ã‚’æŠ¼ã—ã¦ã€ã‚«ãƒ¼ã‚½ãƒ«ã«å‘ã‹ã£ã¦æ­©ãã¾ã™ã€‚	Segure o botÃ£o direito do mouse para caminhar em direÃ§Ã£o ao seu cursor.	Ø§Ù…Ø³Ùƒ Ø²Ø± Ø§Ù„Ù…Ø§ÙˆØ³ Ø§Ù„Ø£ÙŠÙ…Ù† Ù„Ù„Ø³ÙŠØ± Ù†Ø­Ùˆ Ø§Ù„Ù…Ø¤Ø´Ø±.	ì˜¤ë¥¸ìª½ ë§ˆìš°ìŠ¤ ë²„íŠ¼ì„ ëˆ„ë¥´ë©´ ì»¤ì„œë¥¼ í–¥í•´ ê±¸ì–´ê°‘ë‹ˆë‹¤.	Ğ”ĞµÑ€Ğ¶Ğ¸Ñ‚Ğµ Ğ¿Ñ€Ğ°Ğ²ÑƒÑ ĞºĞ½Ğ¾Ğ¿ĞºÑƒ Ğ¼Ñ‹ÑˆĞ¸, Ñ‡Ñ‚Ğ¾Ğ±Ñ‹ Ğ¸Ğ´Ñ‚Ğ¸ Ğº ÑĞ²Ğ¾ĞµĞ¼Ñƒ ĞºÑƒÑ€ÑĞ¾Ñ€Ñƒ.	æŒ‰ä½å³é¼ æ ‡æŒ‰é’®å‘å…‰æ ‡è¡Œé©¶ã€‚	æŒ‰ä½å³é¼ æ¨™æŒ‰éˆ•å‘å…‰æ¨™è¡Œé§›ã€‚	Przytrzymaj prawy przycisk myszy, aby iÅ›Ä‡ w kierunku kursora.
forge spells title	How to Forge Spells!	Comment forger des sorts!	Come stringere gli incantesimi!	Wie man Zauber fÃ¼gt!	Â¡CÃ³mo forjar hechizos!	å‘ªæ–‡ã‚’å½é€ ã™ã‚‹æ–¹æ³•ï¼	Como forjar feitiÃ§os!	ÙƒÙŠÙÙŠØ© ØµÙŠØ§ØºØ© Ù†ÙˆØ¨Ø§Øª!	ì£¼ë¬¸ì„ ìœ„ì¡°í•˜ëŠ” ë°©ë²•!	ĞšĞ°Ğº Ğ¿Ğ¾Ğ´Ğ´ĞµĞ»Ğ°Ñ‚ÑŒ Ğ·Ğ°ĞºĞ»Ğ¸Ğ½Ğ°Ğ½Ğ¸Ñ!	å¦‚ä½•é”»é€ å’’è¯­ï¼	å¦‚ä½•é›é€ å’’èªï¼	Jak tworzyÄ‡ zaklÄ™cia!
how to stack description	Many spells become more powerful if you stack multiple in a row.  Try combining different spells to find out how they might interact.	De nombreux sorts deviennent plus puissants si vous empilez plusieurs fois. Essayez de combiner diffÃ©rents sorts pour savoir comment ils pourraient interagir.	Molti incantesimi diventano piÃ¹ potenti se impilate multiple di fila. Prova a combinare diversi incantesimi per scoprire come potrebbero interagire.	Viele Zauber werden mÃ¤chtiger, wenn Sie mehrere in einer Reihe stapeln. Kombinieren Sie verschiedene ZaubersprÃ¼che, um herauszufinden, wie sie interagieren kÃ¶nnten.	Muchos hechizos se vuelven mÃ¡s poderosos si apilan mÃºltiples seguidos. Intente combinar diferentes hechizos para descubrir cÃ³mo podrÃ­an interactuar.	è¤‡æ•°ã®é€£ç¶šã—ã¦ç©ã¿é‡ã­ã‚‹ã¨ã€å¤šãã®å‘ªæ–‡ãŒã‚ˆã‚Šå¼·åŠ›ã«ãªã‚Šã¾ã™ã€‚ã•ã¾ã–ã¾ãªå‘ªæ–‡ã‚’çµ„ã¿åˆã‚ã›ã¦ã€ãã‚Œã‚‰ãŒã©ã®ã‚ˆã†ã«ç›¸äº’ä½œç”¨ã™ã‚‹ã‹ã‚’èª¿ã¹ã¦ã¿ã¦ãã ã•ã„ã€‚	Muitos feitiÃ§os se tornam mais poderosos se vocÃª empilhar mÃºltiplas em uma fileira. Tente combinar feitiÃ§os diferentes para descobrir como eles podem interagir.	ØªØµØ¨Ø­ Ø§Ù„Ø¹Ø¯ÙŠØ¯ Ù…Ù† Ø§Ù„ØªØ¹ÙˆÙŠØ°Ø§Øª Ø£ÙƒØ«Ø± Ù‚ÙˆØ© Ø¥Ø°Ø§ Ù‚Ù…Øª Ø¨ØªÙƒØ¯ÙŠØ³ Ù…ØªØ¹Ø¯Ø¯Ø© Ø¹Ù„Ù‰ Ø§Ù„ØªÙˆØ§Ù„ÙŠ. Ø­Ø§ÙˆÙ„ Ø§Ù„Ø¬Ù…Ø¹ Ø¨ÙŠÙ† ØªØ¹ÙˆÙŠØ°Ø§Øª Ù…Ø®ØªÙ„ÙØ© Ù„Ù…Ø¹Ø±ÙØ© ÙƒÙŠÙÙŠØ© ØªÙØ§Ø¹Ù„Ù‡Ø§.	ë°°ìˆ˜ë¥¼ ì—°ì†ìœ¼ë¡œ ìŒ“ìœ¼ë©´ ë§ì€ ì£¼ë¬¸ì´ ë”ìš± ê°•ë ¥ í•´ì§‘ë‹ˆë‹¤. ë‹¤ë¥¸ ì£¼ë¬¸ì„ ê²°í•©í•˜ì—¬ ìƒí˜¸ ì‘ìš©í•  ìˆ˜ìˆëŠ” ë°©ë²•ì„ ì•Œì•„ë³´ì‹­ì‹œì˜¤.	ĞœĞ½Ğ¾Ğ³Ğ¸Ğµ Ğ·Ğ°ĞºĞ»Ğ¸Ğ½Ğ°Ğ½Ğ¸Ñ ÑÑ‚Ğ°Ğ½Ğ¾Ğ²ÑÑ‚ÑÑ Ğ±Ğ¾Ğ»ĞµĞµ Ğ¼Ğ¾Ñ‰Ğ½Ñ‹Ğ¼Ğ¸, ĞµÑĞ»Ğ¸ Ğ²Ñ‹ ÑĞ»Ğ¾Ğ¶Ğ¸Ñ‚Ğµ Ğ½ĞµÑĞºĞ¾Ğ»ÑŒĞºĞ¾ Ğ¿Ğ¾Ğ´Ñ€ÑĞ´. ĞŸĞ¾Ğ¿Ñ€Ğ¾Ğ±ÑƒĞ¹Ñ‚Ğµ Ğ¾Ğ±ÑŠĞµĞ´Ğ¸Ğ½Ğ¸Ñ‚ÑŒ Ñ€Ğ°Ğ·Ğ½Ñ‹Ğµ Ğ·Ğ°ĞºĞ»Ğ¸Ğ½Ğ°Ğ½Ğ¸Ñ, Ñ‡Ñ‚Ğ¾Ğ±Ñ‹ Ğ²Ñ‹ÑÑĞ½Ğ¸Ñ‚ÑŒ, ĞºĞ°Ğº Ğ¾Ğ½Ğ¸ Ğ¼Ğ¾Ğ³ÑƒÑ‚ Ğ²Ğ·Ğ°Ğ¸Ğ¼Ğ¾Ğ´ĞµĞ¹ÑÑ‚Ğ²Ğ¾Ğ²Ğ°Ñ‚ÑŒ.	å¦‚æœæ‚¨è¿ç»­å †å å¤šä¸ªå’’è¯­ï¼Œè®¸å¤šå’’è¯­å°†å˜å¾—æ›´åŠ å¼ºå¤§ã€‚å°è¯•ç»“åˆä¸åŒçš„å’’è¯­ï¼Œä»¥äº†è§£å®ƒä»¬å¦‚ä½•ç›¸äº’ä½œç”¨ã€‚	å¦‚æœæ‚¨é€£çºŒå †ç–Šå¤šå€‹å’’èªï¼Œè¨±å¤šå’’èªå°‡è®Šå¾—æ›´åŠ å¼·å¤§ã€‚å˜—è©¦çµåˆä¸åŒçš„å’’èªï¼Œä»¥äº†è§£å®ƒå€‘å¦‚ä½•ç›¸äº’ä½œç”¨ã€‚	Wiele zaklÄ™Ä‡ staje siÄ™ potÄ™Å¼niejsze, jeÅ›li ukÅ‚adasz wiele z rzÄ™du. SprÃ³buj poÅ‚Ä…czyÄ‡ rÃ³Å¼ne zaklÄ™cia, aby dowiedzieÄ‡ siÄ™, jak mogÄ… oddziaÅ‚ywaÄ‡.
host	Host Game	Jeu hÃ´te	Game ospite	Gastspiel	Juego de acogida	ãƒ›ã‚¹ãƒˆã‚²ãƒ¼ãƒ 	Jogo de anfitriÃ£	Ù„Ø¹Ø¨Ø© Ù…Ø¶ÙŠÙØ©	í˜¸ìŠ¤íŠ¸ ê²Œì„	Ğ¥Ğ¾ÑÑ‚ Ğ¸Ğ³Ñ€Ğ°	ä¸»æœºæ¸¸æˆ	ä¸»æ©ŸéŠæˆ²	Gra gospodarza
join	Join Game	Rejoins une partie	Unisciti al gioco	Spiel beitreten	Unete al juego	ã‚²ãƒ¼ãƒ ã«å‚åŠ ã—ã¾ã™	Entrar no jogo	Ø§Ù†Ø¶Ù… Ù„Ù„Ø¹Ø¨Ø©	ê²Œì„ì— ê°€ì…í•˜ì‹­ì‹œì˜¤	ĞŸÑ€Ğ¸ÑĞ¾ĞµĞ´Ğ¸Ğ½ÑĞ¹ÑÑ Ğº Ğ¸Ğ³Ñ€Ğµ	åŠ å…¥æ¸¸æˆ	åŠ å…¥éŠæˆ²	DoÅ‚Ä…cz do gry
Ready	Ready	PrÃªt	Pronto	Bereit	Listo	æº–å‚™	Preparar	Ù…Ø³ØªØ¹Ø¯	ì¤€ë¹„ê°€ ëœ	Ğ“Ğ¾Ñ‚Ğ¾Ğ²Ñ‹Ğ¹	å‡†å¤‡å¥½	æº–å‚™å¥½	Gotowy
Leave Room	Leave Room	Quitter la piÃ¨ce	Lasciare la stanza	Zimmer verlassen	Dejar la habitaciÃ³n	éƒ¨å±‹ã‚’å‡ºã¾ã™	Deixe espaÃ§o	ØºØ§Ø¯Ø± Ø§Ù„ØºØ±ÙØ©	ë°©ì„ ë– ë‚˜ë¼	ĞŸĞ¾ĞºĞ¸Ğ½ÑƒÑ‚ÑŒ ĞºĞ¾Ğ¼Ğ½Ğ°Ñ‚Ñƒ	ç•™å‡ºç©ºé—´	ç•™å‡ºç©ºé–“	OpuÅ›Ä‡ pokÃ³j
per turn	per turn	par tour	per turno	pro Runde	por turno	ã‚¿ãƒ¼ãƒ³ã”ã¨	por turno	Ù„ÙƒÙ„ Ù…Ù†Ø¹Ø·Ù	í„´ë‹¹	Ğ·Ğ° Ñ…Ğ¾Ğ´	æ¯å›åˆ	æ¯å›åˆ	na rundÄ™
mana burn	mana burn	mana brÃ»ler	Mana Burn	Mana brennen	Mana Burn	ãƒãƒŠãƒ»ãƒãƒ¼ãƒ³	Mana Burn	Ù…Ø§Ù†Ø§ Ø­Ø±Ù‚	ë§ˆë‚˜ í™”ìƒ	Ğ¼Ğ°Ğ½Ğ° ÑĞ¶Ğ¸Ğ³Ğ°ĞµÑ‚	æ³•åŠ›çƒ§ä¼¤	æ³•åŠ›ç‡’å‚·	Mana Burn
mana steal	mana steal	mana voler	mana ruba	Mana Steal	robo de manÃ¡	ãƒãƒŠç›—ã¿	Mana roube	Ù…Ø§Ù†Ø§ Ø³Ø±Ù‚Ø©	ë§ˆë‚˜ ë„ë‘‘ì§ˆ	ĞœĞ°Ğ½Ğ° ÑƒĞºÑ€Ğ°ÑÑ‚ÑŒ	æ³•åŠ›å·	æ³•åŠ›å·	Kradnie many
mana potion	Mana Potion	Potion de mana	Pozione di mana	Mana Trank	PociÃ³n de manÃ¡	ãƒãƒŠãƒãƒ¼ã‚·ãƒ§ãƒ³	Mana PoÃ§Ã£o	Ù…Ø§Ù†Ø§ Ø¬Ø±Ø¹Ø©	ë§ˆë‚˜ ë¬¼ì•½	ĞœĞ°Ğ½Ğ° Ğ·ĞµĞ»ÑŒĞµ	æ³•åŠ›è¯æ°´	æ³•åŠ›è—¥æ°´	Eliksja Mana
health potion	Health Potion	Potion de vie	Pozione per la salute	Gesundheitstrank	PociÃ³n de salud	å¥åº·ãƒãƒ¼ã‚·ãƒ§ãƒ³	PoÃ§Ã£o de saÃºde	Ø¬Ø±Ø¹Ø© Ø§Ù„ØµØ­Ø©	ê±´ê°•ì˜ ë¬˜ì•½	Ğ—Ğ´Ğ¾Ñ€Ğ¾Ğ²Ğ¾Ğµ Ğ·ĞµĞ»ÑŒĞµ	å¥åº·è¯æ°´	å¥åº·è—¥æ°´	Mikstura zdrowia
stamina potion	Stamina Potion	Potion d'endurance	Pozione di resistenza	Ausdauer Trank	PociÃ³n de resistencia	ã‚¹ã‚¿ãƒŸãƒŠãƒãƒ¼ã‚·ãƒ§ãƒ³	PoÃ§Ã£o de resistÃªncia	Ø¬Ø±Ø¹Ø© Ø§Ù„Ù‚Ø¯Ø±Ø© Ø¹Ù„Ù‰ Ø§Ù„ØªØ­Ù…Ù„	ì²´ë ¥ ë¬¼ì•½	Ğ—ĞµĞ»ÑŒĞµ Ğ²Ñ‹Ğ½Ğ¾ÑĞ»Ğ¸Ğ²Ğ¾ÑÑ‚Ğ¸	è€åŠ›è¯æ°´	è€åŠ›è—¥æ°´	Eliksja wytrzymaÅ‚ej
spells	Spells	Sorts	Incantesimi	Zauber	Hechizo	å‘ªæ–‡	FeitiÃ§os	Ù†ÙˆØ¨Ø§Øª	ì£¼ë¬¸	Ğ—Ğ°ĞºĞ»Ğ¸Ğ½Ğ°Ğ½Ğ¸Ñ	å’’è¯­	å’’èª	ZaklÄ™cia
portal	Portal	Portail	Portale	Portal	Portal	ãƒãƒ¼ã‚¿ãƒ«	Portal	Ù…Ù†ÙØ°	ë¬¸	ĞŸĞ¾Ñ€Ñ‚Ğ°Ğ»	é—¨æˆ·ç½‘ç«™	é–€æˆ¶ç¶²ç«™	Portal
trap	Trap	PiÃ¨ge	Trappola	Fangen	Trampa	ãƒˆãƒ©ãƒƒãƒ—	Armadilha	ÙØ®	ë«	Ğ›Ğ¾Ğ²ÑƒÑˆĞºĞ°	é™·é˜±	é™·é˜±	PuÅ‚apka
Golem	Golem	Golem	GOLEM	Golem	Golem	ã‚´ãƒ¼ãƒ¬ãƒ 	Golem	Ø¬ÙˆÙ„ÙŠÙ…	ê³¨ë ˜	Ğ“Ğ¾Ğ»ĞµĞ¼	é­”åƒ	é­”åƒ	Golem
Archer	Archer	Archer	Arciere	BogenschÃ¼tze	Arquero	å°„æ‰‹	Arqueiro	Ø¢Ø±ØªØ´Ø±	ê¶ìˆ˜	Ğ›ÑƒÑ‡Ğ½Ğ¸Ğº	å°„æ‰‹	å°„æ‰‹	Åucznik
Glop	Glop	Glop	Glop	Glop	Glop	glop	Grop	ØºÙ„ÙˆØ¨	glop	Ğ“Ğ»ÑĞ½ĞµÑ†	æ ¼æ´›æ™®	æ ¼æ´›æ™®	Glop
Summoner	Summoner	Invocateur	evocatore	BeschwÃ¶rer	Invocador	ã‚µãƒ¢ãƒŠãƒ¼	Invocador	Ø§Ø³ØªØ¯Ø¹Ø§Ø¡	ì†Œí™˜ì‚¬	ĞŸÑ€Ğ¸Ğ·Ñ‹Ğ²Ğ°Ñ‚ĞµĞ»ÑŒ	å¬å”¤è€…	å¬å–šè€…	PrzywoÅ‚anie
Priest	Priest	PrÃªtre	Sacerdote	Priester	Sacerdote	ç¥­å¸	Padre	ÙƒØ§Ù‡Ù†	ì„±ì§ì	Ğ¡Ğ²ÑÑ‰ĞµĞ½Ğ½Ğ¸Ğº	ç‰§å¸ˆ	ç‰§å¸«	KapÅ‚an
Poisoner	Poisoner	Empoisonneur	Avvelenatore	GiftmÃ¶rder	Envenenador	ä¸­æ¯’	Envenenador	Ø§Ù„Ù…Ø³Ù…Ù…	í¬ë…	ĞÑ‚Ñ€Ğ°Ğ²Ğ¸Ñ‚ĞµĞ»ÑŒ	æ¯’è¯	æ¯’è—¥	Truciciel
Vampire	Vampire	Vampire	Vampiro	Vampir	Vampiro	å¸è¡€é¬¼	Vampiro	Ù…ØµØ§Øµ Ø¯Ù…Ø§Ø¡	í¡í˜ˆê·€	Ğ’Ğ°Ğ¼Ğ¿Ğ¸Ñ€	å¸è¡€é¬¼	å¸è¡€é¬¼	Wampir
Decoy	Decoy	Faire dure	Esca	KÃ¶der	SeÃ±uelo	ãƒ‡ã‚³ã‚¤	Chamariz	Ø´Ø±Ùƒ	ìœ ì¸ ëª»	ĞŸÑ€Ğ¸Ğ¼Ğ°Ğ½ĞºĞ°	è¯±é¥µ	èª˜é¤Œ	Maniak
Dragger	Dragger	Chasser	Dragger	Dragger	Drager	ãƒ‰ãƒ©ãƒƒã‚¬ãƒ¼	Dragger	Ø¯Ø±Ø±Ø§	ë“œë˜ê·¸	Ğ—Ğ°Ğ³Ñ€ÑĞ·Ğ½ĞµĞ½Ğ¸Ğµ	æ‹–æ‹‰æœº	æ‹–æ‹‰æ©Ÿ	Dragger
Ally	Ally	AlliÃ©	Alleato	VerbÃ¼ndete	Aliado	å‘³æ–¹	Aliado	Ø­Ù„ÙŠÙ	ë™ë§¹êµ­	Ğ¡Ğ¾ÑĞ·Ğ½Ğ¸Ğº	ç›Ÿå›½	ç›Ÿåœ‹	SprzymierzyÄ‡
Enemy	Enemy	Ennemi	Nemico	Feind	Enemigo	æ•µ	Inimigo	Ø§Ù„Ø¹Ø¯Ùˆ	ì 	Ğ’Ñ€Ğ°Ğ³	æ•Œäºº	æ•µäºº	WrÃ³g
game name	Game Name	Nom de jeu	Nome del gioco	Spielname	Nombre del juego	ã‚²ãƒ¼ãƒ å	Nome do jogo	Ø§Ø³Ù… Ø§Ù„Ù„Ø¹Ø¨Ø©	ê²Œì„ ì´ë¦„	Ğ˜Ğ¼Ñ Ğ¸Ğ³Ñ€Ñ‹	æ¸¸æˆåç§°	éŠæˆ²åç¨±	Nazwa gry
game lobby	Game Lobby	Hall du jeu	Lobby di gioco	Spiellobby	Lobby del juego	ã‚²ãƒ¼ãƒ ãƒ­ãƒ“ãƒ¼	Lobby do jogo	Ø±Ø¯Ù‡Ø© Ø§Ù„Ù„Ø¹Ø¨Ø©	ê²Œì„ ë¡œë¹„	Ğ˜Ğ³Ñ€Ğ¾Ğ²Ğ¾Ğµ Ğ»Ğ¾Ğ±Ğ±Ğ¸	æ¸¸æˆå¤§å…	éŠæˆ²å¤§å»³	Lobby gry
waiting...	Waiting...	Attendre...	In attesa...	Warten...	Esperando...	å¾…ã£ã¦ã„ã‚‹...	Espera...	Ø§Ù†ØªØ¸Ø§Ø±...	ëŒ€ê¸° ì¤‘...	ĞĞ¶Ğ¸Ğ´Ğ°ÑÑ‰Ğ¸Ğ¹...	ç­‰å¾…...	ç­‰å¾…...	Czekanie...
picking start point	Picking Start Point	Point de dÃ©part	Punto di partenza di raccolta	Startpunkt auswÃ¤hlen	Punto de inicio de selecciÃ³n	ã‚¹ã‚¿ãƒ¼ãƒˆãƒã‚¤ãƒ³ãƒˆã‚’é¸ã³ã¾ã™	Escolha do ponto de partida	Ø§Ø®ØªÙŠØ§Ø± Ù†Ù‚Ø·Ø© Ø§Ù„Ø¨Ø¯Ø¡	ì„ íƒ ì‹œì‘ì 	Ğ’Ñ‹Ğ±Ğ¾Ñ€ Ğ½Ğ°Ñ‡Ğ°Ğ»ÑŒĞ½Ğ¾Ğ¹ Ñ‚Ğ¾Ñ‡ĞºĞ¸	é€‰æ‹©èµ·ç‚¹	é¸æ“‡èµ·é»	WybÃ³r punktu poczÄ…tkowego
Disconnected	Disconnected	DÃ©branchÃ©	Disconnesso	Getrennt	Desconectado	åˆ‡æ–­ã•ã‚ŒãŸ	Desconectado	Ø§Ù†Ù‚Ø·Ø¹ Ø§Ù„Ø§ØªØµØ§Ù„	ì—°ê²°ì´ ëŠì–´ì¡ŒìŠµë‹ˆë‹¤	ĞÑ‚ĞºĞ»ÑÑ‡ĞµĞ½	æ–­å¼€è¿æ¥	æ–·é–‹é€£æ¥	NiepowiÄ…zany
Connected	Connected	LiÃ©	Collegato	In Verbindung gebracht	Conectado	æ¥ç¶š	Conectado	Ù…ØªØµÙ„	ì—°ê²°	Ğ¡Ğ²ÑĞ·Ğ°Ğ½Ğ¾	è¿æ¥çš„	é€£æ¥çš„	PoÅ‚Ä…czony
Not Ready	Not Ready	Pas prÃªt	Non pronto	Nicht bereit	No estÃ¡ listo	æº–å‚™ãŒã§ãã¦ã„ãªã„	NÃ£o estÃ¡ pronto	ØºÙŠØ± Ø¬Ø§Ù‡Ø²	ì¤€ë¹„ë˜ì§€ ì•Šì•˜ìŠµë‹ˆë‹¤	ĞĞµ Ğ³Ğ¾Ñ‚Ğ¾Ğ²	è¿˜æ²¡å¥½	é‚„æ²’å¥½	Nie gotowy
game over	Game Over	Jeu terminÃ©	Gioco finito	Spiel ist aus	Juego terminado	ã‚²ãƒ¼ãƒ ã‚ªãƒ¼ãƒãƒ¼	Fim de jogo	Ø§Ù†ØªÙ‡Øª Ø§Ù„Ù„Ø¹Ø¨Ø©	ê²Œì„ ë	Ğ˜Ğ³Ñ€Ğ° Ğ·Ğ°ĞºĞ¾Ğ½Ñ‡ĞµĞ½Ğ°	æ¸¸æˆç»“æŸ	éŠæˆ²çµæŸ	Koniec gry
tutorial	tutorial	Didacticiel	Tutorial	Lernprogramm	tutorial	ãƒãƒ¥ãƒ¼ãƒˆãƒªã‚¢ãƒ«	tutorial	Ø§Ù„Ø¯ÙˆØ±Ø© Ø§Ù„ØªØ¹Ù„ÙŠÙ…ÙŠØ©	ì§€ë„ ì‹œê°„	Ñ€ÑƒĞºĞ¾Ğ²Ğ¾Ğ´ÑÑ‚Ğ²Ğ¾	æ•™ç¨‹	æ•™ç¨‹	instruktaÅ¼
Click somewhere on the grass to choose a spawn point	Click somewhere on the grass to choose a spawn point	Cliquez quelque part sur l'herbe pour choisir un point d'apparition	Fai clic da qualche parte sull'erba per scegliere un punto di spawn	Klicken Sie irgendwo auf das Gras, um einen Spawn -Punkt auszuwÃ¤hlen	Haga clic en en algÃºn lugar del cÃ©sped para elegir un punto de desenchera	è‰ã®ã©ã“ã‹ã‚’ã‚¯ãƒªãƒƒã‚¯ã—ã¦ã‚¹ãƒãƒ¼ãƒ³ãƒã‚¤ãƒ³ãƒˆã‚’é¸æŠã—ã¾ã™	Clique em algum lugar da grama para escolher um ponto de desova	Ø§Ù†Ù‚Ø± ÙÙŠ Ù…ÙƒØ§Ù† Ù…Ø§ Ø¹Ù„Ù‰ Ø§Ù„Ø¹Ø´Ø¨ Ù„Ø§Ø®ØªÙŠØ§Ø± Ù†Ù‚Ø·Ø© ØªÙØ±Ø®	ì”ë””ì— ì–´ë”˜ê°€ë¥¼ í´ë¦­í•˜ì—¬ ìŠ¤í° ì§€ì ì„ ì„ íƒí•˜ì‹­ì‹œì˜¤.	ĞĞ°Ğ¶Ğ¼Ğ¸Ñ‚Ğµ Ğ³Ğ´Ğµ -Ğ½Ğ¸Ğ±ÑƒĞ´ÑŒ Ğ½Ğ° Ñ‚Ñ€Ğ°Ğ²Ğµ, Ñ‡Ñ‚Ğ¾Ğ±Ñ‹ Ğ²Ñ‹Ğ±Ñ€Ğ°Ñ‚ÑŒ Ñ‚Ğ¾Ñ‡ĞºÑƒ Ğ¿Ğ¾Ñ€Ğ¾Ğ¶Ğ´ĞµĞ½Ğ¸Ñ	å•å‡»è‰åœ°ä¸Šçš„æŸä¸ªåœ°æ–¹é€‰æ‹©ä¸€ä¸ªç”Ÿæˆç‚¹	å–®æ“Šè‰åœ°ä¸Šçš„æŸå€‹åœ°æ–¹é¸æ“‡ä¸€å€‹ç”Ÿæˆé»	Kliknij gdzieÅ› na trawie, aby wybraÄ‡ punkt odrodzenia
Hold right mouse button to walk towards your cursor	Hold right mouse button to walk towards your cursor	Tenez le bouton droit de la souris pour marcher vers votre curseur	Tieni premuto il pulsante del mouse a destra per camminare verso il cursore	Halten Sie die rechte Maustaste, um in Richtung Ihres Cursors zu gehen	Mantenga presionado el botÃ³n del mouse para caminar hacia su cursor	å³ãƒã‚¦ã‚¹ãƒœã‚¿ãƒ³ã‚’æŠ¼ã—ã¦ã€ã‚«ãƒ¼ã‚½ãƒ«ã«å‘ã‹ã£ã¦æ­©ãã¾ã™	Segure o botÃ£o direito do mouse para caminhar em direÃ§Ã£o ao seu cursor	Ø§Ù…Ø³Ùƒ Ø²Ø± Ø§Ù„Ù…Ø§ÙˆØ³ Ø§Ù„Ø£ÙŠÙ…Ù† Ù„Ù„Ø³ÙŠØ± Ù†Ø­Ùˆ Ø§Ù„Ù…Ø¤Ø´Ø± Ø§Ù„Ø®Ø§Øµ Ø¨Ùƒ	ì˜¤ë¥¸ìª½ ë§ˆìš°ìŠ¤ ë²„íŠ¼ì„ ëˆ„ë¥´ë©´ ì»¤ì„œë¥¼ í–¥í•´ ê±¸ì–´ê°‘ë‹ˆë‹¤	Ğ”ĞµÑ€Ğ¶Ğ¸Ñ‚Ğµ Ğ¿Ñ€Ğ°Ğ²ÑƒÑ ĞºĞ½Ğ¾Ğ¿ĞºÑƒ Ğ¼Ñ‹ÑˆĞ¸, Ñ‡Ñ‚Ğ¾Ğ±Ñ‹ Ğ¸Ğ´Ñ‚Ğ¸ Ğº ÑĞ²Ğ¾ĞµĞ¼Ñƒ ĞºÑƒÑ€ÑĞ¾Ñ€Ñƒ	æŒ‰ä¸‹æ­£ç¡®çš„é¼ æ ‡æŒ‰é’®å‘å…‰æ ‡è¡Œèµ°	æŒ‰ä¸‹æ­£ç¢ºçš„é¼ æ¨™æŒ‰éˆ•å‘å…‰æ¨™è¡Œèµ°	Przytrzymaj prawy przycisk myszy, aby iÅ›Ä‡ w kierunku kursora
Move into the portal to go to the next level	Move into the portal to go to the next level	DÃ©placez-vous dans le portail pour passer au niveau suivant	Spostati nel portale per andare al livello successivo	Gehen Sie in das Portal, um zum nÃ¤chsten Level zu gehen	MuÃ©vase al portal para ir al siguiente nivel	ãƒãƒ¼ã‚¿ãƒ«ã«ç§»å‹•ã—ã¦æ¬¡ã®ãƒ¬ãƒ™ãƒ«ã«ç§»å‹•ã—ã¾ã™	Mova -se para o portal para ir para o prÃ³ximo nÃ­vel	Ø§Ù†ØªÙ‚Ù„ Ø¥Ù„Ù‰ Ø§Ù„Ø¨ÙˆØ§Ø¨Ø© Ù„Ù„Ø°Ù‡Ø§Ø¨ Ø¥Ù„Ù‰ Ø§Ù„Ù…Ø³ØªÙˆÙ‰ Ø§Ù„ØªØ§Ù„ÙŠ	í¬í„¸ë¡œ ì´ë™í•˜ì—¬ ë‹¤ìŒ ë‹¨ê³„ë¡œ ì´ë™	ĞŸĞµÑ€ĞµĞ¹Ñ‚Ğ¸ Ğ½Ğ° Ğ¿Ğ¾Ñ€Ñ‚Ğ°Ğ», Ñ‡Ñ‚Ğ¾Ğ±Ñ‹ Ğ¿ĞµÑ€ĞµĞ¹Ñ‚Ğ¸ Ğ½Ğ° ÑĞ»ĞµĞ´ÑƒÑÑ‰Ğ¸Ğ¹ ÑƒÑ€Ğ¾Ğ²ĞµĞ½ÑŒ	è¿›å…¥é—¨æˆ·ç½‘ç«™è¿›å…¥ä¸€ä¸ªæ–°çš„çº§åˆ«	é€²å…¥é–€æˆ¶ç¶²ç«™é€²å…¥ä¸€å€‹æ–°çš„ç´šåˆ¥	PrzejdÅº do portalu, aby przejÅ›Ä‡ na wyÅ¼szy poziom
Click on a spell from your toolbar to queue it up and then click on a target to cast it	Click on a spell from your toolbar to queue it up and then click on a target to cast it	Cliquez sur un sort de votre barre d'outils pour la faire filer, puis cliquez sur une cible pour la lancer	Fai clic su un incantesimo dalla barra degli strumenti per farla fare in coda e quindi fare clic su un bersaglio per lanciarlo	Klicken Sie auf einen Zauber von Ihrer Symbolleiste, um ihn in die Warteschlange zu stellen, und klicken Sie dann auf ein Ziel, um ihn zu werfen	Haga clic en un hechizo de su barra de herramientas para colocarlo y luego haga clic en un objetivo para lanzarlo	ãƒ„ãƒ¼ãƒ«ãƒãƒ¼ã®å‘ªæ–‡ã‚’ã‚¯ãƒªãƒƒã‚¯ã—ã¦ã‚­ãƒ¥ãƒ¼ã‚¢ãƒƒãƒ—ã—ã€ã‚¿ãƒ¼ã‚²ãƒƒãƒˆã‚’ã‚¯ãƒªãƒƒã‚¯ã—ã¦ã‚­ãƒ£ã‚¹ãƒˆã—ã¾ã™	Clique em um feitiÃ§o da sua barra de ferramentas para fazer fila e depois clique em um alvo para lanÃ§Ã¡ -lo	Ø§Ù†Ù‚Ø± Ø¹Ù„Ù‰ ØªØ¹ÙˆÙŠØ°Ø© Ù…Ù† Ø´Ø±ÙŠØ· Ø§Ù„Ø£Ø¯ÙˆØ§Øª Ø§Ù„Ø®Ø§Øµ Ø¨Ùƒ Ù„ØªØ³ÙˆÙŠØªÙ‡ Ø«Ù… Ø§Ù†Ù‚Ø± ÙÙˆÙ‚ Ù‡Ø¯Ù Ù„Ø¥Ù„Ù‚Ø§Ø¡Ù‡	ë„êµ¬ ëª¨ìŒì—ì„œ ì£¼ë¬¸ì„ í´ë¦­í•˜ì—¬ ëŒ€ê¸°í•˜ëŠ” ë‹¤ìŒ ëŒ€ìƒì„ í´ë¦­í•˜ì—¬ ìºìŠ¤íŠ¸í•©ë‹ˆë‹¤.	ĞĞ°Ğ¶Ğ¼Ğ¸Ñ‚Ğµ Ğ½Ğ° Ğ·Ğ°ĞºĞ»Ğ¸Ğ½Ğ°Ğ½Ğ¸Ğµ Ñ Ğ²Ğ°ÑˆĞµĞ¹ Ğ¿Ğ°Ğ½ĞµĞ»Ğ¸ Ğ¸Ğ½ÑÑ‚Ñ€ÑƒĞ¼ĞµĞ½Ñ‚Ğ¾Ğ², Ñ‡Ñ‚Ğ¾Ğ±Ñ‹ ÑÑ‚Ğ¾ÑÑ‚ÑŒ Ğ² Ğ¾Ñ‡ĞµÑ€ĞµĞ´Ğ¸, Ğ° Ğ·Ğ°Ñ‚ĞµĞ¼ Ğ½Ğ°Ğ¶Ğ¼Ğ¸Ñ‚Ğµ Ğ½Ğ° Ñ†ĞµĞ»ÑŒ, Ñ‡Ñ‚Ğ¾Ğ±Ñ‹ Ñ€Ğ°Ğ·Ñ‹Ğ³Ñ€Ğ°Ñ‚ÑŒ	å•å‡»å·¥å…·æ çš„å’’è¯­ä»¥å°†å…¶æ’é˜Ÿï¼Œç„¶åå•å‡»ç›®æ ‡æ–½æ”¾	å–®æ“Šå·¥å…·æ¬„çš„å’’èªä»¥å°‡å…¶æ’éšŠï¼Œç„¶å¾Œå–®æ“Šç›®æ¨™æ–½æ”¾	Kliknij zaklÄ™cie z paska narzÄ™dzi, aby go ustawiiÄ‡ w kolejce, a nastÄ™pnie kliknij cel, aby go rzuciÄ‡
Cast more than once in a single turn	Cast more than once in a single turn	Lancer plus d'une fois en un seul tour	Lanciare piÃ¹ di una volta in un singolo turno	Werfen Sie mehr als einmal in einer einzigen Runde	Lanzar mÃ¡s de una vez en un solo turno	1å›ã®ã‚¿ãƒ¼ãƒ³ã§è¤‡æ•°å›ã‚­ãƒ£ã‚¹ãƒˆã—ã¾ã™	Lance mais de uma vez em uma Ãºnica curva	ÙŠÙ„Ù‚ÙŠ Ø£ÙƒØ«Ø± Ù…Ù† Ù…Ø±Ø© ÙÙŠ Ù…Ù†Ø¹Ø·Ù ÙˆØ§Ø­Ø¯	í•œ ë²ˆì— ë‘ ë²ˆ ì´ìƒ ìºìŠ¤íŠ¸í•©ë‹ˆë‹¤	Ğ Ğ°Ğ·Ñ‹Ğ³Ñ€Ğ°Ñ‚ÑŒ Ğ±Ğ¾Ğ»ĞµĞµ Ğ¾Ğ´Ğ½Ğ¾Ğ³Ğ¾ Ñ€Ğ°Ğ·Ğ° Ğ·Ğ° Ğ¾Ğ´Ğ¸Ğ½ Ñ…Ğ¾Ğ´	ä¸€æ¬¡è½¬å¼¯ä¸æ­¢ä¸€æ¬¡	ä¸€æ¬¡è½‰å½ä¸æ­¢ä¸€æ¬¡	RzuÄ‡ wiÄ™cej niÅ¼ raz w jednym zakrÄ™cie
Move the camera with W,A,S, and D keys or by holding and dragging Middle Mouse Button	Move the camera with W,A,S, and D keys or by holding and dragging Middle Mouse Button	DÃ©placez la camÃ©ra avec les touches W, A, S et D ou en tenant et en faisant glisser le bouton de la souris centrale	Spostare la fotocamera con tasti W, A, S e D o tenendo premuto e trascinando il pulsante del mouse centrale	Bewegen Sie die Kamera mit den Tasten W, A, S und D oder durch Halten und Ziehen der mittleren Maustaste	Mueva la cÃ¡mara con teclas W, A, S y D o manteniendo y arrastrando el botÃ³n del mouse medio	Wã€Aã€Sã€Dã‚­ãƒ¼ã§ã‚«ãƒ¡ãƒ©ã‚’ç§»å‹•ã™ã‚‹ã‹ã€ãƒã‚¦ã‚¹ä¸­å¤®ã®ãƒœã‚¿ãƒ³ã‚’æŠ¼ã—ã¦ãƒ‰ãƒ©ãƒƒã‚°ã—ã¦ç§»å‹•ã—ã¾ã™	Mova a cÃ¢mera com as teclas W, A, S e D ou segurando e arrastando o botÃ£o do mouse do meio	Ø­Ø±Ùƒ Ø§Ù„ÙƒØ§Ù…ÙŠØ±Ø§ Ø¨Ø§Ø³ØªØ®Ø¯Ø§Ù… Ù…ÙØ§ØªÙŠØ­ W Ùˆ A Ùˆ S Ùˆ D Ø£Ùˆ Ø¹Ù† Ø·Ø±ÙŠÙ‚ Ø§Ù„Ø¶ØºØ· Ø¹Ù„Ù‰ Ø²Ø± Ø§Ù„Ù…Ø§ÙˆØ³ Ø§Ù„Ø£ÙˆØ³Ø· ÙˆØ³Ø­Ø¨Ù‡	W, A, S ë° D í‚¤ë¡œ ì¹´ë©”ë¼ë¥¼ ì´ë™í•˜ê±°ë‚˜ ì¤‘ê°„ ë§ˆìš°ìŠ¤ ë²„íŠ¼ì„ ëˆ„ë¥´ê³  ë“œë˜ê·¸í•©ë‹ˆë‹¤.	ĞŸĞµÑ€ĞµĞ¼ĞµÑÑ‚Ğ¸Ñ‚Ğµ ĞºĞ°Ğ¼ĞµÑ€Ñƒ Ñ Ğ¿Ğ¾Ğ¼Ğ¾Ñ‰ÑŒÑ ĞºĞ»Ğ°Ğ²Ğ¸Ñˆ W, A, S Ğ¸ D Ğ¸Ğ»Ğ¸ ÑƒĞ´ĞµÑ€Ğ¶Ğ¸Ğ²Ğ°Ñ Ğ¸ Ğ¿ĞµÑ€ĞµÑ‚Ğ°ÑĞºĞ¸Ğ²Ğ°Ñ ĞºĞ½Ğ¾Ğ¿ĞºÑƒ ÑÑ€ĞµĞ´Ğ½ĞµĞ¹ Ğ¼Ñ‹ÑˆĞ¸	ç”¨Wï¼ŒAï¼ŒSå’ŒDé”®ç§»åŠ¨ç›¸æœºï¼Œæˆ–é€šè¿‡æ¡ä½å’Œæ‹–åŠ¨ä¸­é—´é¼ æ ‡æŒ‰é’®	ç”¨Wï¼ŒAï¼ŒSå’ŒDéµç§»å‹•ç›¸æ©Ÿï¼Œæˆ–é€šéæ¡ä½å’Œæ‹–å‹•ä¸­é–“é¼ æ¨™æŒ‰éˆ•	PrzesuÅ„ aparat za pomocÄ… klawiszy W, A, S i
Recenter the camera with the Z key	Recenter the camera with the Z key	RÃ©cent la camÃ©ra avec la touche z	Recentemente la fotocamera con il tasto Z	Letztes die Kamera mit dem Z -SchlÃ¼ssel	Reciente la cÃ¡mara con la tecla Z	Zã‚­ãƒ¼ã‚’å‚™ãˆãŸã‚«ãƒ¡ãƒ©ã®æœ€è¿‘	Mais recente a cÃ¢mera com a tecla Z	Ø£Ø­Ø¯Ø« Ø§Ù„ÙƒØ§Ù…ÙŠØ±Ø§ Ù…Ø¹ Ù…ÙØªØ§Ø­ Z	ìµœê·¼ Z í‚¤ê°€ìˆëŠ” ì¹´ë©”ë¼ë¥¼ ì‚¬ìš©í•©ë‹ˆë‹¤	Ğ£Ğ´Ğ¾Ğ²Ğ»ĞµÑ‚Ğ²Ğ¾Ñ€Ğ¸Ñ‚ÑŒ ĞºĞ°Ğ¼ĞµÑ€Ñƒ Ñ ĞºĞ»ÑÑ‡Ğ¾Ğ¼ z	ä½¿ç”¨Zé”®çš„æ‘„åƒæœºæœ€è¿‘çš„ç›¸æœº	ä½¿ç”¨Zéµçš„æ”åƒæ©Ÿæœ€è¿‘çš„ç›¸æ©Ÿ	Niedawno aparat z kluczem Z
Pickup a spell scroll to get more spells	Pickup a spell scroll to get more spells	Ramasser un sort dÃ©filement pour obtenir plus de sorts	Prendi una scorrimento degli incantesimi per ottenere piÃ¹ incantesimi	Pickup eine ZaubersprÃ¼che, um mehr Zauber zu bekommen	Recoger un desplazamiento de hechizos para obtener mÃ¡s hechizos	ã‚¹ãƒšãƒ«ã‚¹ã‚¯ãƒ­ãƒ¼ãƒ«ã‚’ãƒ”ãƒƒã‚¯ã‚¢ãƒƒãƒ—ã—ã¦ã€ã‚ˆã‚Šå¤šãã®å‘ªæ–‡ã‚’å–å¾—ã—ã¾ã™	Pickup um rolo de feitiÃ§o para obter mais feitiÃ§os	Ø§Ù„ØªÙ‚Ø§Ø· ØªÙ…Ø±ÙŠØ± ØªØ¹ÙˆÙŠØ°Ø© Ù„Ù„Ø­ØµÙˆÙ„ Ø¹Ù„Ù‰ Ø§Ù„Ù…Ø²ÙŠØ¯ Ù…Ù† Ø§Ù„ØªØ¹ÙˆÙŠØ°Ø§Øª	ë” ë§ì€ ì£¼ë¬¸ì„ ì–»ê¸° ìœ„í•´ ì£¼ë¬¸ ìŠ¤í¬ë¡¤ì„ í”½ì—…í•˜ì‹­ì‹œì˜¤	Ğ¡Ğ¾Ğ±ĞµÑ€Ğ¸Ñ‚Ğµ ÑĞ²Ğ¸Ñ‚Ğ¾Ğº Ğ·Ğ°ĞºĞ»Ğ¸Ğ½Ğ°Ğ½Ğ¸Ğ¹, Ñ‡Ñ‚Ğ¾Ğ±Ñ‹ Ğ¿Ğ¾Ğ»ÑƒÑ‡Ğ¸Ñ‚ÑŒ Ğ±Ğ¾Ğ»ÑŒÑˆĞµ Ğ·Ğ°ĞºĞ»Ğ¸Ğ½Ğ°Ğ½Ğ¸Ğ¹	æ‹¾å–å’’è¯­æ»šåŠ¨ä»¥è·å–æ›´å¤šå’’è¯­	æ‹¾å–å’’èªæ»¾å‹•ä»¥ç²å–æ›´å¤šå’’èª	Odbieraj przewijanie zaklÄ™Ä‡, aby uzyskaÄ‡ wiÄ™cej zaklÄ™Ä‡
endTurn	end turn	virage final	Turn	Endrunde	Fin del turno	ã‚¿ãƒ¼ãƒ³ã‚’çµ‚äº†ã—ã¾ã™	turno final	Ù†Ù‡Ø§ÙŠØ© Ø¨Ø¯ÙˆØ±Ù‡	ë íšŒì „	ĞšĞ¾Ğ½ĞµÑ† Ğ¿Ğ¾Ğ²Ğ¾Ñ€Ğ¾Ñ‚Ğ°	ç»“æŸ	çµæŸ	Koniec kolejki
cameraup	move camera up	DÃ©placer la camÃ©ra vers le haut	Sposta la fotocamera	Bewegen Sie die Kamera nach oben	mover la cÃ¡mara hacia arriba	ã‚«ãƒ¡ãƒ©ã‚’ä¸Šã«ç§»å‹•ã—ã¾ã™	Mova a cÃ¢mera para cima	Ø­Ø±Ùƒ Ø§Ù„ÙƒØ§Ù…ÙŠØ±Ø§ Ù„Ø£Ø¹Ù„Ù‰	ì¹´ë©”ë¼ë¥¼ ìœ„ë¡œ ì´ë™í•˜ì‹­ì‹œì˜¤	Ğ¿ĞµÑ€ĞµĞ¼ĞµÑÑ‚Ğ¸Ñ‚ÑŒ ĞºĞ°Ğ¼ĞµÑ€Ñƒ Ğ²Ğ²ĞµÑ€Ñ…	å‘ä¸Šç§»åŠ¨ç›¸æœº	å‘ä¸Šç§»å‹•ç›¸æ©Ÿ	PrzenieÅ› aparat w gÃ³rÄ™
cameradown	move camera down	DÃ©placer la camÃ©ra vers le bas	Sposta la fotocamera verso il basso	Bewege die Kamera runter	mover la cÃ¡mara hacia abajo	ã‚«ãƒ¡ãƒ©ã‚’ä¸‹ã«ç§»å‹•ã—ã¾ã™	Mova a cÃ¢mera para baixo	Ø­Ø±Ùƒ Ø§Ù„ÙƒØ§Ù…ÙŠØ±Ø§ Ù„Ù„Ø£Ø³ÙÙ„	ì¹´ë©”ë¼ë¥¼ ì•„ë˜ë¡œ ì´ë™í•˜ì‹­ì‹œì˜¤	Ğ¿ĞµÑ€ĞµĞ¼ĞµÑÑ‚Ğ¸Ñ‚ÑŒ ĞºĞ°Ğ¼ĞµÑ€Ñƒ Ğ²Ğ½Ğ¸Ğ·	å‘ä¸‹ç§»åŠ¨ç›¸æœº	å‘ä¸‹ç§»å‹•ç›¸æ©Ÿ	PrzesuÅ„ aparat w dÃ³Å‚
cameraleft	move camera left	DÃ©placer la camÃ©ra Ã  gauche	Sposta la fotocamera a sinistra	Bewegen Sie die Kamera nach links	Mover la cÃ¡mara a la izquierda	ã‚«ãƒ¡ãƒ©ã‚’å·¦ã«ç§»å‹•ã—ã¾ã™	Mova a cÃ¢mera para a esquerda	Ø­Ø±Ùƒ Ø§Ù„ÙƒØ§Ù…ÙŠØ±Ø§ Ø§Ù„ÙŠØ³Ø§Ø±	ì¹´ë©”ë¼ë¥¼ ì™¼ìª½ìœ¼ë¡œ ì´ë™í•˜ì‹­ì‹œì˜¤	ĞŸĞµÑ€ĞµĞ¼ĞµÑÑ‚Ğ¸Ñ‚Ğµ ĞºĞ°Ğ¼ĞµÑ€Ñƒ Ğ²Ğ»ĞµĞ²Ğ¾	å‘å·¦ç§»åŠ¨ç›¸æœº	å‘å·¦ç§»å‹•ç›¸æ©Ÿ	PrzenieÅ› aparat w lewo
cameraright	move camera right	DÃ©placer la camÃ©ra Ã  droite	Sposta la fotocamera a destra	Bewegen Sie die Kamera nach rechts	Mover la cÃ¡mara a la derecha	ã‚«ãƒ¡ãƒ©ã‚’å³ã«ç§»å‹•ã—ã¾ã™	Mova a cÃ¢mera para a direita	Ø­Ø±Ùƒ Ø§Ù„ÙƒØ§Ù…ÙŠØ±Ø§ Ø¨Ø´ÙƒÙ„ ØµØ­ÙŠØ­	ì¹´ë©”ë¼ë¥¼ ì˜¤ë¥¸ìª½ìœ¼ë¡œ ì´ë™í•˜ì‹­ì‹œì˜¤	Ğ¿ĞµÑ€ĞµĞ¼ĞµÑÑ‚Ğ¸Ñ‚ÑŒ ĞºĞ°Ğ¼ĞµÑ€Ñƒ ÑĞ¿Ñ€Ğ°Ğ²Ğ°	å‘å³ç§»åŠ¨ç›¸æœº	å‘å³ç§»å‹•ç›¸æ©Ÿ	PrzenieÅ› aparat w prawo
dequeueSpell	Remove Spells	Supprimer les sorts	Rimuovere gli incantesimi	Zauber entfernen	Eliminar hechizos	å‘ªæ–‡ã‚’å‰Šé™¤ã—ã¾ã™	Remova feitiÃ§os	Ø¥Ø²Ø§Ù„Ø© Ø§Ù„ØªØ¹ÙˆÙŠØ°Ø§Øª	ì£¼ë¬¸ì„ ì œê±°í•˜ì‹­ì‹œì˜¤	Ğ£Ğ´Ğ°Ğ»Ğ¸Ñ‚ÑŒ Ğ·Ğ°ĞºĞ»Ğ¸Ğ½Ğ°Ğ½Ğ¸Ñ	åˆ é™¤å’’è¯­	åˆªé™¤å’’èª	UsuÅ„ zaklÄ™cia
spell1	add toolbar spell 1	Ajouter le sort de la barre d'outils 1	Aggiungi l'incantesimo della barra degli strumenti 1	FÃ¼gen Sie die Symbolleiste Zauber 1 hinzu 1	Agregar hechizo de barra de herramientas 1	ãƒ„ãƒ¼ãƒ«ãƒãƒ¼ã‚¹ãƒšãƒ«1ã‚’è¿½åŠ ã—ã¾ã™	Adicione o feitiÃ§o da barra de ferramentas 1	Ø£Ø¶Ù ØªØ¹ÙˆÙŠØ°Ø© Ø´Ø±ÙŠØ· Ø§Ù„Ø£Ø¯ÙˆØ§Øª 1	ë„êµ¬ ëª¨ìŒ ì£¼ë¬¸ 1ì„ ì¶”ê°€í•˜ì‹­ì‹œì˜¤	Ğ”Ğ¾Ğ±Ğ°Ğ²Ğ¸Ñ‚ÑŒ Ğ¿Ğ°Ğ½ĞµĞ»ÑŒ Ğ¸Ğ½ÑÑ‚Ñ€ÑƒĞ¼ĞµĞ½Ñ‚Ğ¾Ğ² Ğ·Ğ°ĞºĞ»Ğ¸Ğ½Ğ°Ğ½Ğ¸Ğµ 1	æ·»åŠ å·¥å…·æ æ³•æœ¯1	æ·»åŠ å·¥å…·æ¬„æ³•è¡“1	Dodaj zaklÄ™cie paska narzÄ™dzi 1
spell2	add toolbar spell 2	Ajouter le sort de la barre d'outils 2	Aggiungi l'incantesimo della barra degli strumenti 2	Symbolleiste Zauber 2 hinzufÃ¼gen 2	Agregar hechizo de barra de herramientas 2	ãƒ„ãƒ¼ãƒ«ãƒãƒ¼ã‚¹ãƒšãƒ«2ã‚’è¿½åŠ ã—ã¾ã™	Adicionar feitiÃ§o da barra de ferramentas 2	Ø£Ø¶Ù ØªØ¹ÙˆÙŠØ°Ø© Ø´Ø±ÙŠØ· Ø§Ù„Ø£Ø¯ÙˆØ§Øª 2	ë„êµ¬ ëª¨ìŒ ì£¼ë¬¸ 2ë¥¼ ì¶”ê°€í•˜ì‹­ì‹œì˜¤	Ğ”Ğ¾Ğ±Ğ°Ğ²Ğ¸Ñ‚ÑŒ Ğ¿Ğ°Ğ½ĞµĞ»ÑŒ Ğ¸Ğ½ÑÑ‚Ñ€ÑƒĞ¼ĞµĞ½Ñ‚Ğ¾Ğ² Ğ·Ğ°ĞºĞ»Ğ¸Ğ½Ğ°Ğ½Ğ¸Ğµ 2	æ·»åŠ å·¥å…·æ æ³•æœ¯2	æ·»åŠ å·¥å…·æ¬„æ³•è¡“2	Dodaj zaklÄ™cie paska narzÄ™dzi 2
spell3	add toolbar spell 3	Ajouter le sort de la barre d'outils 3	Aggiungi l'incantesimo della barra degli strumenti 3	FÃ¼gen Sie die Symbolleistezauber 3 hinzu 3	Agregar hechizo de barra de herramientas 3	ãƒ„ãƒ¼ãƒ«ãƒãƒ¼ã‚¹ãƒšãƒ«3ã‚’è¿½åŠ ã—ã¾ã™	Adicionar feitiÃ§o da barra de ferramentas 3	Ø£Ø¶Ù ØªØ¹ÙˆÙŠØ°Ø© Ø´Ø±ÙŠØ· Ø§Ù„Ø£Ø¯ÙˆØ§Øª 3	ë„êµ¬ ëª¨ìŒ ì£¼ë¬¸ 3ì„ ì¶”ê°€í•˜ì‹­ì‹œì˜¤	Ğ”Ğ¾Ğ±Ğ°Ğ²ÑŒÑ‚Ğµ Ğ¿Ğ°Ğ½ĞµĞ»ÑŒ Ğ¸Ğ½ÑÑ‚Ñ€ÑƒĞ¼ĞµĞ½Ñ‚Ğ¾Ğ² Ğ·Ğ°ĞºĞ»Ğ¸Ğ½Ğ°Ğ½Ğ¸Ğµ 3	æ·»åŠ å·¥å…·æ æ³•æœ¯3	æ·»åŠ å·¥å…·æ¬„æ³•è¡“3	Dodaj zaklÄ™cie paska narzÄ™dzi 3
spell4	add toolbar spell 4	Ajouter le sort de la barre d'outils 4	Aggiungi l'incantesimo della barra degli strumenti 4	FÃ¼gen Sie die Symbolleiste Zauber 4 hinzu 4	Agregar hechizo de barra de herramientas 4	ãƒ„ãƒ¼ãƒ«ãƒãƒ¼ã‚¹ãƒšãƒ«4ã‚’è¿½åŠ ã—ã¾ã™	Adicionar feitiÃ§o da barra de ferramentas 4	Ø£Ø¶Ù ØªØ¹ÙˆÙŠØ°Ø© Ø´Ø±ÙŠØ· Ø§Ù„Ø£Ø¯ÙˆØ§Øª 4	ë„êµ¬ ëª¨ìŒ ì£¼ë¬¸ 4ë¥¼ ì¶”ê°€í•˜ì‹­ì‹œì˜¤	Ğ”Ğ¾Ğ±Ğ°Ğ²ÑŒÑ‚Ğµ Ğ¿Ğ°Ğ½ĞµĞ»ÑŒ Ğ¸Ğ½ÑÑ‚Ñ€ÑƒĞ¼ĞµĞ½Ñ‚Ğ¾Ğ² Ğ·Ğ°ĞºĞ»Ğ¸Ğ½Ğ°Ğ½Ğ¸Ğµ 4	æ·»åŠ å·¥å…·æ å’’è¯­4	æ·»åŠ å·¥å…·æ¬„å’’èª4	Dodaj zaklÄ™cie paska narzÄ™dzi 4
spell5	add toolbar spell 5	Ajouter le sort de la barre d'outils 5	Aggiungi l'incantesimo della barra degli strumenti 5	FÃ¼gen Sie die Symbolleiste hinzu. 5	Agregar hechizo de barra de herramientas 5	ãƒ„ãƒ¼ãƒ«ãƒãƒ¼ã‚¹ãƒšãƒ«5ã‚’è¿½åŠ ã—ã¾ã™	Adicionar feitiÃ§o da barra de ferramentas 5	Ø£Ø¶Ù ØªØ¹ÙˆÙŠØ°Ø© Ø´Ø±ÙŠØ· Ø§Ù„Ø£Ø¯ÙˆØ§Øª 5	ë„êµ¬ ëª¨ìŒ ì£¼ë¬¸ 5ë¥¼ ì¶”ê°€í•˜ì‹­ì‹œì˜¤	Ğ”Ğ¾Ğ±Ğ°Ğ²Ğ¸Ñ‚ÑŒ Ğ¿Ğ°Ğ½ĞµĞ»ÑŒ Ğ¸Ğ½ÑÑ‚Ñ€ÑƒĞ¼ĞµĞ½Ñ‚Ğ¾Ğ² Ğ·Ğ°ĞºĞ»Ğ¸Ğ½Ğ°Ğ½Ğ¸Ğµ 5	æ·»åŠ å·¥å…·æ æ³•æœ¯5	æ·»åŠ å·¥å…·æ¬„æ³•è¡“5	Dodaj zaklÄ™cie paska narzÄ™dzi 5
spell6	add toolbar spell 6	Ajouter le sort de la barre d'outils 6	Aggiungi l'incantesimo della barra degli strumenti 6	FÃ¼gen Sie die Symbolleistezauber 6 hinzu 6	Agregar hechizo de barra de herramientas 6	ãƒ„ãƒ¼ãƒ«ãƒãƒ¼ã‚¹ãƒšãƒ«6ã‚’è¿½åŠ ã—ã¾ã™	Adicionar feitiÃ§o da barra de ferramentas 6	Ø£Ø¶Ù ØªØ¹ÙˆÙŠØ°Ø© Ø´Ø±ÙŠØ· Ø§Ù„Ø£Ø¯ÙˆØ§Øª 6	ë„êµ¬ ëª¨ìŒ ì£¼ë¬¸ 6ì„ ì¶”ê°€í•˜ì‹­ì‹œì˜¤	Ğ”Ğ¾Ğ±Ğ°Ğ²Ğ¸Ñ‚ÑŒ Ğ¿Ğ°Ğ½ĞµĞ»ÑŒ Ğ¸Ğ½ÑÑ‚Ñ€ÑƒĞ¼ĞµĞ½Ñ‚Ğ¾Ğ² Ğ·Ğ°ĞºĞ»Ğ¸Ğ½Ğ°Ğ½Ğ¸Ğµ 6	æ·»åŠ å·¥å…·æ æ³•æœ¯6	æ·»åŠ å·¥å…·æ¬„æ³•è¡“6	Dodaj zaklÄ™cie paska narzÄ™dzi 6
spell7	add toolbar spell 7	Ajouter le sort de la barre d'outils 7	Aggiungi l'incantesimo della barra degli strumenti 7	FÃ¼gen Sie die Symbolleistezauber 7 hinzu 7	Agregar hechizo de barra de herramientas 7	ãƒ„ãƒ¼ãƒ«ãƒãƒ¼ã‚¹ãƒšãƒ«7ã‚’è¿½åŠ ã—ã¾ã™	Adicionar feitiÃ§o da barra de ferramentas 7	Ø£Ø¶Ù ØªØ¹ÙˆÙŠØ°Ø© Ø´Ø±ÙŠØ· Ø§Ù„Ø£Ø¯ÙˆØ§Øª 7	ë„êµ¬ ëª¨ìŒ ì£¼ë¬¸ 7ì„ ì¶”ê°€í•˜ì‹­ì‹œì˜¤	Ğ”Ğ¾Ğ±Ğ°Ğ²Ğ¸Ñ‚ÑŒ Ğ¿Ğ°Ğ½ĞµĞ»ÑŒ Ğ¸Ğ½ÑÑ‚Ñ€ÑƒĞ¼ĞµĞ½Ñ‚Ğ¾Ğ² Ğ·Ğ°ĞºĞ»Ğ¸Ğ½Ğ°Ğ½Ğ¸Ğµ 7	æ·»åŠ å·¥å…·æ æ³•æœ¯7	æ·»åŠ å·¥å…·æ¬„æ³•è¡“7	Dodaj zaklÄ™cie paska narzÄ™dzi 7
spell8	add toolbar spell 8	Ajouter le sort de la barre d'outils 8	Aggiungi l'incantesimo della barra degli strumenti 8	FÃ¼gen Sie die Symbolleistezauber 8 hinzu 8	Agregar hechizo de barra de herramientas 8	ãƒ„ãƒ¼ãƒ«ãƒãƒ¼ã‚¹ãƒšãƒ«8ã‚’è¿½åŠ ã—ã¾ã™	Adicionar feitiÃ§o da barra de ferramentas 8	Ø£Ø¶Ù ØªØ¹ÙˆÙŠØ°Ø© Ø´Ø±ÙŠØ· Ø§Ù„Ø£Ø¯ÙˆØ§Øª 8	ë„êµ¬ ëª¨ìŒ ì£¼ë¬¸ 8ì„ ì¶”ê°€í•˜ì‹­ì‹œì˜¤	Ğ”Ğ¾Ğ±Ğ°Ğ²Ğ¸Ñ‚ÑŒ Ğ¿Ğ°Ğ½ĞµĞ»ÑŒ Ğ¸Ğ½ÑÑ‚Ñ€ÑƒĞ¼ĞµĞ½Ñ‚Ğ¾Ğ² Ğ·Ğ°ĞºĞ»Ğ¸Ğ½Ğ°Ğ½Ğ¸Ğµ 8	æ·»åŠ å·¥å…·æ æ³•æœ¯8	æ·»åŠ å·¥å…·æ¬„æ³•è¡“8	Dodaj zaklÄ™cie paska narzÄ™dzi 8
spell9	add toolbar spell 9	Ajouter le sort de la barre d'outils 9	Aggiungi l'incantesimo della barra degli strumenti 9	FÃ¼gen Sie die Symbolleistezauber 9 hinzu 9	Agregar hechizo de barra de herramientas 9	ãƒ„ãƒ¼ãƒ«ãƒãƒ¼ã‚¹ãƒšãƒ«9ã‚’è¿½åŠ ã—ã¾ã™	Adicionar feitiÃ§o da barra de ferramentas 9	Ø£Ø¶Ù ØªØ¹ÙˆÙŠØ°Ø© Ø´Ø±ÙŠØ· Ø§Ù„Ø£Ø¯ÙˆØ§Øª 9	ë„êµ¬ ëª¨ìŒ ì£¼ë¬¸ 9ë¥¼ ì¶”ê°€í•˜ì‹­ì‹œì˜¤	Ğ”Ğ¾Ğ±Ğ°Ğ²Ğ¸Ñ‚ÑŒ Ğ¿Ğ°Ğ½ĞµĞ»ÑŒ Ğ¸Ğ½ÑÑ‚Ñ€ÑƒĞ¼ĞµĞ½Ñ‚Ğ¾Ğ² Ğ·Ğ°ĞºĞ»Ğ¸Ğ½Ğ°Ğ½Ğ¸Ğµ 9	æ·»åŠ å·¥å…·æ æ³•æœ¯9	æ·»åŠ å·¥å…·æ¬„æ³•è¡“9	Dodaj zaklÄ™cie paska narzÄ™dzi 9
spell0	add toolbar spell 0	Ajouter le sort de la barre d'outils 0	Aggiungi l'incantesimo della barra degli strumenti 0	FÃ¼gen Sie die Symbolleistezauber 0 hinzu 0	Agregar hechizo de barra de herramientas 0	ãƒ„ãƒ¼ãƒ«ãƒãƒ¼ã‚¹ãƒšãƒ«0ã‚’è¿½åŠ ã—ã¾ã™	Adicionar feitiÃ§o da barra de ferramentas 0	Ø£Ø¶Ù ØªØ¹ÙˆÙŠØ°Ø© Ø´Ø±ÙŠØ· Ø§Ù„Ø£Ø¯ÙˆØ§Øª 0	ë„êµ¬ ëª¨ìŒ ì£¼ë¬¸ 0ì„ ì¶”ê°€í•˜ì‹­ì‹œì˜¤	Ğ”Ğ¾Ğ±Ğ°Ğ²Ğ¸Ñ‚ÑŒ Ğ¿Ğ°Ğ½ĞµĞ»ÑŒ Ğ¸Ğ½ÑÑ‚Ñ€ÑƒĞ¼ĞµĞ½Ñ‚Ğ¾Ğ² Ğ·Ğ°ĞºĞ»Ğ¸Ğ½Ğ°Ğ½Ğ¸Ğµ 0	æ·»åŠ å·¥å…·æ æ³•æœ¯0	æ·»åŠ å·¥å…·æ¬„æ³•è¡“0	Dodaj zaklÄ™cie paska narzÄ™dzi 0
reset tutorial	reset tutorial	RÃ©initialiser le tutoriel	Ripristina il tutorial	Tutorial zurÃ¼cksetzen	Restablecer tutorial	ãƒãƒ¥ãƒ¼ãƒˆãƒªã‚¢ãƒ«ã‚’ãƒªã‚»ãƒƒãƒˆã—ã¾ã™	Redefinir tutorial	Ø¥Ø¹Ø§Ø¯Ø© ØªØ¹ÙŠÙŠÙ† Ø§Ù„Ø¨Ø±Ù†Ø§Ù…Ø¬ Ø§Ù„ØªØ¹Ù„ÙŠÙ…ÙŠ	ììŠµì„œ ì¬ì„¤ì •	Ğ¡Ğ±Ñ€Ğ¾ÑĞ¸Ñ‚ÑŒ ÑƒÑ‡ĞµĞ±Ğ½Ğ¸Ğº	é‡ç½®æ•™ç¨‹	é‡ç½®æ•™ç¨‹	Zresetuj samouczek
option 1	option 1	Option 1	opzione 1	Option 1	OpciÃ³n 1	ã‚ªãƒ—ã‚·ãƒ§ãƒ³1	OpÃ§Ã£o 1	Ø§Ù„Ø®ÙŠØ§Ø± 1	ì˜µì…˜ 1	ĞĞ¿Ñ†Ğ¸Ñ 1	é€‰é¡¹1	é¸é …1	opcja 1
option 2	option 2	Option 2	opzione 2	Option 2	opcion 2	ã‚ªãƒ—ã‚·ãƒ§ãƒ³2	opÃ§Ã£o 2	Ø§Ù„Ø®ÙŠØ§Ø± 2	ì˜µì…˜ 2	Ğ’Ğ°Ñ€Ğ¸Ğ°Ğ½Ñ‚ 2	é€‰é¡¹2	é¸é …2	Opcja 2
option 3	option 3	Option 3	Opzione 3	Option 3	OpciÃ³n 3	ã‚ªãƒ—ã‚·ãƒ§ãƒ³3	OpÃ§Ã£o 3	Ø§Ù„Ø®ÙŠØ§Ø± 3	ì˜µì…˜ 3	Ğ’Ğ°Ñ€Ğ¸Ğ°Ğ½Ñ‚ 3	é€‰é¡¹3	é¸é …3	Opcja 3
reassign	press key to reassign	Appuyez sur la touche pour rÃ©affecter	Premere il tasto per riassegnare	DrÃ¼cken Sie die Taste, um neu zuzuweisen	Presione la tecla para reasignar	ã‚­ãƒ¼ã‚’æŠ¼ã—ã¦å†å‰²ã‚Šå½“ã¦ã—ã¾ã™	Pressione a tecla para reatribuir	Ø§Ù„Ù…ÙØªØ§Ø­ Ø§Ù„ØµØ­Ø§ÙØ© Ù„Ø¥Ø¹Ø§Ø¯Ø© Ø§Ù„ØªØ¹ÙŠÙŠÙ†	í‚¤ë¥¼ ëˆŒëŸ¬ ì¬ ì„¤ê³„í•˜ì‹­ì‹œì˜¤	ĞĞ°Ğ¶Ğ¼Ğ¸Ñ‚Ğµ ĞºĞ»Ğ°Ğ²Ğ¸ÑˆÑƒ, Ñ‡Ñ‚Ğ¾Ğ±Ñ‹ Ğ¿ĞµÑ€ĞµĞ½Ğ°Ğ·Ğ½Ğ°Ñ‡Ğ¸Ñ‚ÑŒ	æŒ‰é”®é‡æ–°åˆ†é…	æŒ‰éµé‡æ–°åˆ†é…	NaciÅ›nij klawisz, aby ponownie przypisaÄ‡
openInventory	Open inventory	Inventaire ouvert	Inventario aperto	Offenes Inventar	Abrir el inventario	ã‚ªãƒ¼ãƒ—ãƒ³ã‚¤ãƒ³ãƒ™ãƒ³ãƒˆãƒª	InventÃ¡rio aberto	Ø¬Ø±Ø¯ Ù…ÙØªÙˆØ­Ø©	ê°œë°© ëœ ì¬ê³ 	ĞÑ‚ĞºÑ€Ñ‹Ñ‚Ñ‹Ğ¹ Ğ¸Ğ½Ğ²ĞµĞ½Ñ‚Ğ°Ñ€ÑŒ	å¼€æ”¾åº“å­˜	é–‹æ”¾åº«å­˜	OtwÃ³rz ekwipunek
mouseRebindError	This mouse button has reserved functionality and may not be rebound	Ce bouton de souris a rÃ©servÃ© des fonctionnalitÃ©s et peut ne pas rebondir	Questo pulsante del mouse ha funzionalitÃ  riservate e potrebbe non essere rimbalzo	Diese Maustaste hat eine reservierte FunktionalitÃ¤t und ist mÃ¶glicherweise nicht erholt	Este botÃ³n del mouse tiene funcionalidad reservada y puede no ser rebotado	ã“ã®ãƒã‚¦ã‚¹ãƒœã‚¿ãƒ³ã«ã¯æ©Ÿèƒ½ãŒäºˆç´„ã•ã‚Œã¦ãŠã‚Šã€ãƒªãƒã‚¦ãƒ³ãƒ‰ã•ã‚Œã¦ã„ãªã„å ´åˆãŒã‚ã‚Šã¾ã™	Este botÃ£o do mouse tem funcionalidade reservada e pode nÃ£o ser recuperada	ÙŠØ­ØªÙˆÙŠ Ø²Ø± Ø§Ù„Ù…Ø§ÙˆØ³ Ù‡Ø°Ø§ Ø¹Ù„Ù‰ ÙˆØ¸Ø§Ø¦Ù ÙˆÙ‚Ø¯ Ù„Ø§ ÙŠØªÙ… Ø§Ø±ØªØ¯Ø§Ø¤Ù‡Ø§	ì´ ë§ˆìš°ìŠ¤ ë²„íŠ¼ì€ ê¸°ëŠ¥ì´ ì˜ˆì•½ë˜ì–´ ìˆìœ¼ë©° ë°˜ë“±í•˜ì§€ ì•Šì„ ìˆ˜ ìˆìŠµë‹ˆë‹¤.	Ğ­Ñ‚Ğ° ĞºĞ½Ğ¾Ğ¿ĞºĞ° Ğ¼Ñ‹ÑˆĞ¸ Ğ·Ğ°Ñ€ĞµĞ·ĞµÑ€Ğ²Ğ¸Ñ€Ğ¾Ğ²Ğ°Ğ»Ğ° Ñ„ÑƒĞ½ĞºÑ†Ğ¸Ğ¾Ğ½Ğ°Ğ»ÑŒĞ½Ğ¾ÑÑ‚ÑŒ Ğ¸ Ğ½Ğµ Ğ¼Ğ¾Ğ¶ĞµÑ‚ Ğ±Ñ‹Ñ‚ÑŒ Ğ¾Ñ‚ÑĞºĞ¾Ñ‡ĞµĞ½Ğ°	æ­¤é¼ æ ‡æŒ‰é’®å…·æœ‰ä¿ç•™åŠŸèƒ½ï¼Œå¯èƒ½ä¸ä¼šåå¼¹	æ­¤é¼ æ¨™æŒ‰éˆ•å…·æœ‰ä¿ç•™åŠŸèƒ½ï¼Œå¯èƒ½ä¸æœƒåå½ˆ	Ten przycisk myszy ma zarezerwowanÄ… funkcjonalnoÅ›Ä‡ i moÅ¼e nie byÄ‡ odbijany